v_products_model,v_products_image,v_products_name_1,v_products_description_1,v_products_url_1,v_specials_price,v_specials_last_modified,v_specials_expires_date,v_products_price,v_products_weight,v_last_modified,v_date_added,v_products_quantity,v_manufacturers_name,v_categories_name_1,v_categories_name_2,v_categories_name_3,v_categories_name_4,v_categories_name_5,v_categories_name_6,v_categories_name_7,v_tax_class_title,v_status,v_metatags_products_name_status,v_metatags_title_status,v_metatags_model_status,v_metatags_price_status,v_metatags_title_tagline_status,v_metatags_title_1,v_metatags_keywords_1,v_metatags_description_1
2410025,scshoe/2017022013494290531.jpg,ACE 15.1 FG - Blue Black,"<p>Size Chart</br>
Length  x Width x shoulder width</br>
S-66x50x42x58</br>
M-70x53x44x61</br>
L-72x55x46x63</br>
XL-74x58x48x65</br>
XXL-76x60x50x67</br>
-Because it is hand-gaugingThere is some errorPlease note</br>
brand  :  Supreme</br>
Color: black</br>
please note: s/s 2016</p>Color:black</br>
State: New is not used</p>",,40.99,,,120,0.5,2014/4/30 15:53,2014/4/30 15:53,1000,,Adidas,ACE 15.1,,,,,,,1,0,0,0,0,0,,,
2410026,scshoe/2017022013494312332.jpg,ACE 15.1 FG - Grey Green,,,45.99,,,120,0.5,2014/4/30 15:53,2014/4/30 15:53,1000,,Adidas,ACE 15.1,,,,,,,1,0,0,0,0,0,,,
2410027,scshoe/2017022013494320433.jpg,ACE 15.1 FG - Orange Black,,,45.99,,,120,0.5,2014/4/30 15:53,2014/4/30 15:53,1000,,Adidas,ACE 15.1,,,,,,,1,0,0,0,0,0,,,
2410028,scshoe/2017022013494330434.jpg,ACE 15.1 FG - Pure Black,,,40.99,,,120,0.5,2014/4/30 15:53,2014/4/30 15:53,1000,,Adidas,ACE 15.1,,,,,,,1,0,0,0,0,0,,,
2410029,scshoe/2017022013494341935.jpg,ACE 15.1 FG - Silver Grey,,,45.99,,,120,0.5,2014/4/30 15:53,2014/4/30 15:53,1000,,Adidas,ACE 15.1,,,,,,,1,0,0,0,0,0,,,
2410023,scshoe/2017022013494359346.jpg,ACE 15.1 FG - Black Grey,,,45.99,,,120,0.5,2014/4/30 15:53,2014/4/30 15:53,1000,,Adidas,ACE 15.1,,,,,,,1,0,0,0,0,0,,,
2410024,scshoe/2017022013494364647.jpg,ACE 15.1 FG - Black Yellow,,,45.99,,,120,0.5,2014/4/30 15:53,2014/4/30 15:53,1000,,Adidas,ACE 15.1,,,,,,,1,0,0,0,0,0,,,
2410016,scshoe/2017022013494376248.jpg,ACE 16.1 Primeknit FG - Blue White Yellow,,,49.99,,,200,0.5,2014/4/30 15:53,2014/4/30 15:53,1000,,Adidas,ACE 16.1,,,,,,,1,0,0,0,0,0,,,
2410017,scshoe/2017022013494386549.jpg,ACE 16.1 Primeknit FG - Grey Lime White,,,49.99,,,200,0.5,2014/4/30 15:53,2014/4/30 15:53,1000,,Adidas,ACE 16.1,,,,,,,1,0,0,0,0,0,,,
2410019,scshoe/20170220134943970410.jpg,ACE 16.1 FG - Blue White Yellow,,,46.99,,,120,0.5,2014/4/30 15:53,2014/4/30 15:53,1000,,Adidas,ACE 16.1,,,,,,,1,0,0,0,0,0,,,
2410020,scshoe/20170220134944092411.jpg,ACE 16.1 FG - White Black Orange,,,46.99,,,120,0.5,2014/4/30 15:53,2014/4/30 15:53,1000,,Adidas,ACE 16.1,,,,,,,1,0,0,0,0,0,,,
2410021,scshoe/20170220134944196412.jpg,ACE 16.1 FG - White Yellow Black,,,46.99,,,120,0.5,2014/4/30 15:53,2014/4/30 15:53,1000,,Adidas,ACE 16.1,,,,,,,1,0,0,0,0,0,,,
2410044,scshoe/20170220134944312413.jpg,ACE 16.1 TF - Black Red Yellow,,,36.99,,,80,0.5,2014/4/30 15:53,2014/4/30 15:53,1000,,Adidas,ACE 16.1,,,,,,,1,0,0,0,0,0,,,
2410045,scshoe/20170220134944416414.jpg,ACE 16.1 TF - Black White Orange,,,36.99,,,80,0.5,2014/4/30 15:53,2014/4/30 15:53,1000,,Adidas,ACE 16.1,,,,,,,1,0,0,0,0,0,,,
2410046,scshoe/20170220134944521415.jpg,ACE 16.1 TF - Blue White Yellow,,,36.99,,,80,0.5,2014/4/30 15:53,2014/4/30 15:53,1000,,Adidas,ACE 16.1,,,,,,,1,0,0,0,0,0,,,
2410047,scshoe/20170220134944608416.jpg,ACE 16.1 TF - Orange Black Yellow,,,36.99,,,80,0.5,2014/4/30 15:53,2014/4/30 15:53,1000,,Adidas,ACE 16.1,,,,,,,1,0,0,0,0,0,,,
2410048,scshoe/20170220134944712417.jpg,ACE 16.1 TF - Silver White Red,,,36.99,,,80,0.5,2014/4/30 15:53,2014/4/30 15:53,1000,,Adidas,ACE 16.1,,,,,,,1,0,0,0,0,0,,,
2410049,scshoe/20170220134944832418.jpg,ACE 16.1 TF - White Yellow Black,,,36.99,,,80,0.5,2014/4/30 15:53,2014/4/30 15:53,1000,,Adidas,ACE 16.1,,,,,,,1,0,0,0,0,0,,,
2410050,scshoe/20170220134944918419.jpg,ACE 16.1 TF - Yellow Red Black,,,36.99,,,80,0.5,2014/4/30 15:53,2014/4/30 15:53,1000,,Adidas,ACE 16.1,,,,,,,1,0,0,0,0,0,,,
2410067,scshoe/20170220134945005420.jpg,ACE 16.1 Primeknit FG - Black Red Green,,,49.99,,,200,0.5,2014/4/30 15:53,2014/4/30 15:53,1000,,Adidas,ACE 16.1,,,,,,,1,0,0,0,0,0,,,
2410080,scshoe/20170220134945111421.jpg,ACE 16.1 FG - Green,,,46.99,,,159,0.5,2014/4/30 15:53,2014/4/30 15:53,1000,,Adidas,ACE 16.1,,,,,,,1,0,0,0,0,0,,,
2410081,scshoe/20170220134945230422.jpg,ACE 16.1 Primeknit FG - Red,,,59.99,,,176,0.5,2014/4/30 15:53,2014/4/30 15:53,1000,,Adidas,ACE 16.1,,,,,,,1,0,0,0,0,0,,,
2410082,scshoe/20170220134945352523.jpg,ACE 16.1 Primeknit FG - Orange,,,59.99,,,176,0.5,2014/4/30 15:53,2014/4/30 15:53,1000,,Adidas,ACE 16.1,,,,,,,1,0,0,0,0,0,,,
2410083,scshoe/20170220134945473524.jpg,ACE 16.1 Primeknit FG - Black Orange,,,59.99,,,176,0.5,2014/4/30 15:53,2014/4/30 15:53,1000,,Adidas,ACE 16.1,,,,,,,1,0,0,0,0,0,,,
2410084,scshoe/20170220134945591525.jpg,ACE 16.1 Primeknit FG - Yellow Black,,,59.99,,,176,0.5,2014/4/30 15:53,2014/4/30 15:53,1000,,Adidas,ACE 16.1,,,,,,,1,0,0,0,0,0,,,
2410085,scshoe/20170220134945712526.jpg,ACE 16.1 Primeknit FG - Black Yellow,,,59.99,,,176,0.5,2014/4/30 15:53,2014/4/30 15:53,1000,,Adidas,ACE 16.1,,,,,,,1,0,0,0,0,0,,,
2410086,scshoe/20170220134945868527.jpg,ACE 16.1 Primeknit FG - Silver Yellow,,,59.99,,,176,0.5,2014/4/30 15:53,2014/4/30 15:53,1000,,Adidas,ACE 16.1,,,,,,,1,0,0,0,0,0,,,
2410087,scshoe/20170220134945990528.jpg,ACE 16.1 Primeknit FG - Silver Red,,,59.99,,,176,0.5,2014/4/30 15:53,2014/4/30 15:53,1000,,Adidas,ACE 16.1,,,,,,,1,0,0,0,0,0,,,
2410088,scshoe/20170220134946111529.jpg,ACE 16.1 Primeknit FG - Yellow Red,,,59.99,,,176,0.5,2014/4/30 15:53,2014/4/30 15:53,1000,,Adidas,ACE 16.1,,,,,,,1,0,0,0,0,0,,,
2410089,scshoe/20170220134946231530.jpg,ACE 16.1 Primeknit FG - White,,,59.99,,,176,0.5,2014/4/30 15:53,2014/4/30 15:53,1000,,Adidas,ACE 16.1,,,,,,,1,0,0,0,0,0,,,
2410090,scshoe/20170220134946354531.jpg,ACE 16+ Purecontrol FG - Blue,,,61.99,,,240,0.5,2014/4/30 15:53,2014/4/30 15:53,1000,,Adidas,ACE 16+,,,,,,,1,0,0,0,0,0,,,
2410091,scshoe/20170220134946488532.jpg,ACE 16+ Purecontrol FG - Green Yellow,,,61.99,,,240,0.5,2014/4/30 15:53,2014/4/30 15:53,1000,,Adidas,ACE 16+,,,,,,,1,0,0,0,0,0,,,
2410092,scshoe/20170220134946610533.jpg,ACE 16+ Purecontrol FG - Red Yellow,,,61.99,,,240,0.5,2014/4/30 15:53,2014/4/30 15:53,1000,,Adidas,ACE 16+,,,,,,,1,0,0,0,0,0,,,
2410093,scshoe/20170220134946730534.jpg,ACE 16+ Purecontrol FG - Grass-Green,,,61.99,,,240,0.5,2014/4/30 15:53,2014/4/30 15:53,1000,,Adidas,ACE 16+,,,,,,,1,0,0,0,0,0,,,
2410094,scshoe/20170220134946851535.jpg,ACE 16+ Purecontrol FG - Black,,,61.99,,,240,0.5,2014/4/30 15:53,2014/4/30 15:53,1000,,Adidas,ACE 16+,,,,,,,1,0,0,0,0,0,,,
2410095,scshoe/20170220134946972536.jpg,ACE 16+ Purecontrol FG - Green,,,61.99,,,240,0.5,2014/4/30 15:53,2014/4/30 15:53,1000,,Adidas,ACE 16+,,,,,,,1,0,0,0,0,0,,,
2410096,scshoe/20170220134947094637.jpg,ACE 16+ Purecontrol FG - Black Green,,,61.99,,,240,0.5,2014/4/30 15:53,2014/4/30 15:53,1000,,Adidas,ACE 16+,,,,,,,1,0,0,0,0,0,,,
2410097,scshoe/20170220134947216638.jpg,ACE 16+ Purecontrol FG - Rainbow,,,61.99,,,240,0.5,2014/4/30 15:53,2014/4/30 15:53,1000,,Adidas,ACE 16+,,,,,,,1,0,0,0,0,0,,,
2410098,scshoe/20170220134947336639.jpg,ACE 16+ Purecontrol FG - Black Brown,,,61.99,,,240,0.5,2014/4/30 15:53,2014/4/30 15:53,1000,,Adidas,ACE 16+,,,,,,,1,0,0,0,0,0,,,
2410099,scshoe/20170220134947456640.jpg,ACE 16+ Purecontrol FG - Silver Yellow,,,61.99,,,240,0.5,2014/4/30 15:53,2014/4/30 15:53,1000,,Adidas,ACE 16+,,,,,,,1,0,0,0,0,0,,,
2410100,scshoe/20170220134947577641.jpg,ACE 16+ Purecontrol FG - Red Green,,,61.99,,,240,0.5,2014/4/30 15:53,2014/4/30 15:53,1000,,Adidas,ACE 16+,,,,,,,1,0,0,0,0,0,,,
2410101,scshoe/20170220134947699642.jpg,ACE 16+ Purecontrol FG - Silver Orange,,,61.99,,,240,0.5,2014/4/30 15:53,2014/4/30 15:53,1000,,Adidas,ACE 16+,,,,,,,1,0,0,0,0,0,,,
2410102,scshoe/20170220134947819643.jpg,ACE 16+ Purecontrol FG - Yellow,,,61.99,,,240,0.5,2014/4/30 15:53,2014/4/30 15:53,1000,,Adidas,ACE 16+,,,,,,,1,0,0,0,0,0,,,
2410103,scshoe/20170220134947939644.jpg,ACE 16+ Purecontrol FG - Black Gradient Purple,,,61.99,,,240,0.5,2014/4/30 15:53,2014/4/30 15:53,1000,,Adidas,ACE 16+,,,,,,,1,0,0,0,0,0,,,
2410117,scshoe/20170220134948059645.jpg,ACE 16+ Purecontrol FG - Red Silver,,,61.99,,,240,0.5,2014/4/30 15:53,2014/4/30 15:53,1000,,Adidas,ACE 16+,,,,,,,1,0,0,0,0,0,,,
2410118,scshoe/20170220134948178646.jpg,ACE 16+ Purecontrol FG - Yellow Black,,,61.99,,,240,0.5,2014/4/30 15:53,2014/4/30 15:53,1000,,Adidas,ACE 16+,,,,,,,1,0,0,0,0,0,,,
2410119,scshoe/20170220134948307647.jpg,ACE 16+ Purecontrol Stellar Pack FG - White Gold,,,61.99,,,240,0.5,2014/4/30 15:53,2014/4/30 15:53,1000,,Adidas,ACE 16+,,,,,,,1,0,0,0,0,0,,,
2410125,scshoe/20170220134948428648.jpg,ACE 16+ Purecontrol FG - Black White,,,61.99,,,240,0.5,2014/4/30 15:53,2014/4/30 15:53,1000,,Adidas,ACE 16+,,,,,,,1,0,0,0,0,0,,,
2410305,scshoe/20170220134948533649.jpg,ACE 17.1 FG - Blue White,,,59.99,,,176,0.5,2014/4/30 15:53,2014/4/30 15:53,1000,,Adidas,ACE 17.1,,,,,,,1,0,0,0,0,0,,,
2410306,scshoe/20170220134948621650.jpg,ACE 17.1 FG - Green White,,,59.99,,,176,0.5,2014/4/30 15:53,2014/4/30 15:53,1000,,Adidas,ACE 17.1,,,,,,,1,0,0,0,0,0,,,
2410300,scshoe/20170220134948706651.jpg,ACE 17.1 FG - Orange Black,,,59.99,,,176,0.5,2014/4/30 15:53,2014/4/30 15:53,1000,,Adidas,ACE 17.1,,,,,,,1,0,0,0,0,0,,,
2410301,scshoe/20170220134948792652.jpg,ACE 17.1 FG - Pink White,,,59.99,,,176,0.5,2014/4/30 15:53,2014/4/30 15:53,1000,,Adidas,ACE 17.1,,,,,,,1,0,0,0,0,0,,,
2410302,scshoe/20170220134948878753.jpg,ACE 17.1 FG - Red Black,,,59.99,,,176,0.5,2014/4/30 15:53,2014/4/30 15:53,1000,,Adidas,ACE 17.1,,,,,,,1,0,0,0,0,0,,,
2410303,scshoe/20170220134948965754.jpg,ACE 17.1 FG - Yellow Black,,,59.99,,,176,0.5,2014/4/30 15:53,2014/4/30 15:53,1000,,Adidas,ACE 17.1,,,,,,,1,0,0,0,0,0,,,
2410304,scshoe/20170220134949050755.jpg,ACE 17.1 FG - Yellow Blue,,,59.99,,,176,0.5,2014/4/30 15:53,2014/4/30 15:53,1000,,Adidas,ACE 17.1,,,,,,,1,0,0,0,0,0,,,
2410320,scshoe/20170220134949139756.jpg,ACE 17+ Purecontrol TPU - Black Red,,,61.99,,,240,0.5,2014/4/30 15:53,2014/4/30 15:53,1000,,Adidas,ACE 17+,,,,,,,1,0,0,0,0,0,,,
2410039,scshoe/20170220134949224757.jpg,Gloro 16.1 FG - Black,,,45.99,,,96,0.5,2014/4/30 15:53,2014/4/30 15:53,1000,,Adidas,Gloro,,,,,,,1,0,0,0,0,0,,,
2410040,scshoe/20170220134949326758.jpg,Gloro 16.1 FG - Blue,,,41.99,,,96,0.5,2014/4/30 15:53,2014/4/30 15:53,1000,,Adidas,Gloro,,,,,,,1,0,0,0,0,0,,,
2410041,scshoe/20170220134949428759.jpg,Gloro 16.1 FG - Red White,,,41.99,,,96,0.5,2014/4/30 15:53,2014/4/30 15:53,1000,,Adidas,Gloro,,,,,,,1,0,0,0,0,0,,,
2410042,scshoe/20170220134949530760.jpg,Gloro 16.1 FG - White Black,,,45.99,,,96,0.5,2014/4/30 15:53,2014/4/30 15:53,1000,,Adidas,Gloro,,,,,,,1,0,0,0,0,0,,,
2410043,scshoe/20170220134949643761.jpg,Gloro 16.1 FG - Yellow,,,45.99,,,96,0.5,2014/4/30 15:53,2014/4/30 15:53,1000,,Adidas,Gloro,,,,,,,1,0,0,0,0,0,,,
2410051,scshoe/20170220134949748762.jpg,Messi 15.1 FG - Black,,,43.99,,,120,0.5,2014/4/30 15:53,2014/4/30 15:53,1000,,Adidas,Messi,,,,,,,1,0,0,0,0,0,,,
2410052,scshoe/20170220134949852763.jpg,Messi 15.1 FG - Blue,,,43.99,,,120,0.5,2014/4/30 15:53,2014/4/30 15:53,1000,,Adidas,Messi,,,,,,,1,0,0,0,0,0,,,
2410053,scshoe/20170220134949955764.jpg,Messi 15.1 FG - Light Blue,,,43.99,,,120,0.5,2014/4/30 15:53,2014/4/30 15:53,1000,,Adidas,Messi,,,,,,,1,0,0,0,0,0,,,
2410054,scshoe/20170220134950059765.jpg,Messi 15.1 FG - Orange,,,43.99,,,120,0.5,2014/4/30 15:53,2014/4/30 15:53,1000,,Adidas,Messi,,,,,,,1,0,0,0,0,0,,,
2410055,scshoe/20170220134950165766.jpg,Messi 15.1 FG - White,,,43.99,,,120,0.5,2014/4/30 15:53,2014/4/30 15:53,1000,,Adidas,Messi,,,,,,,1,0,0,0,0,0,,,
2410057,scshoe/20170220134950251767.jpg,Messi 15.1 TF - Black,,,34.99,,,80,0.5,2014/4/30 15:53,2014/4/30 15:53,1000,,Adidas,Messi,,,,,,,1,0,0,0,0,0,,,
2410058,scshoe/20170220134950356768.jpg,Messi 15.1 TF - Blue,,,34.99,,,80,0.5,2014/4/30 15:53,2014/4/30 15:53,1000,,Adidas,Messi,,,,,,,1,0,0,0,0,0,,,
2410059,scshoe/20170220134950460769.jpg,Messi 15.1 TF - Orange,,,34.99,,,80,0.5,2014/4/30 15:53,2014/4/30 15:53,1000,,Adidas,Messi,,,,,,,1,0,0,0,0,0,,,
2410060,scshoe/20170220134950564770.jpg,Messi 15.1 TF - Silver Grey,,,34.99,,,80,0.5,2014/4/30 15:53,2014/4/30 15:53,1000,,Adidas,Messi,,,,,,,1,0,0,0,0,0,,,
2410062,scshoe/20170220134950669871.jpg,Messi 15.1 TF - Yellow,,,34.99,,,80,0.5,2014/4/30 15:53,2014/4/30 15:53,1000,,Adidas,Messi,,,,,,,1,0,0,0,0,0,,,
2410063,scshoe/20170220134950772872.jpg,Messi 16.1 FG - Black Green,,,43.99,,,104,0.5,2014/4/30 15:53,2014/4/30 15:53,1000,,Adidas,Messi,,,,,,,1,0,0,0,0,0,,,
2410064,scshoe/20170220134950890873.jpg,Messi 16.1 FG - Grey,,,43.99,,,104,0.5,2014/4/30 15:53,2014/4/30 15:53,1000,,Adidas,Messi,,,,,,,1,0,0,0,0,0,,,
2410065,scshoe/20170220134950995874.jpg,Messi 16.1 TF - Black Green,,,34.99,,,80,0.5,2014/4/30 15:53,2014/4/30 15:53,1000,,Adidas,Messi,,,,,,,1,0,0,0,0,0,,,
2410066,scshoe/20170220134951164875.jpg,Messi 16.1 TF - Grey,,,34.99,,,80,0.5,2014/4/30 15:53,2014/4/30 15:53,1000,,Adidas,Messi,,,,,,,1,0,0,0,0,0,,,
2410126,scshoe/20170220134951268876.jpg,Messi 16+ Pureagility FG - Green Yellow,,,61.99,,,240,0.5,2014/4/30 15:53,2014/4/30 15:53,1000,,Adidas,Messi,,,,,,,1,0,0,0,0,0,,,
2410127,scshoe/20170220134951337877.jpg,Messi 16+ Pureagility FG - Yellow Black,,,61.99,,,240,0.5,2014/4/30 15:53,2014/4/30 15:53,1000,,Adidas,Messi,,,,,,,1,0,0,0,0,0,,,
2410128,scshoe/20170220134951406878.jpg,Messi 16+ Pureagility FG - Orange Black,,,61.99,,,240,0.5,2014/4/30 15:53,2014/4/30 15:53,1000,,Adidas,Messi,,,,,,,1,0,0,0,0,0,,,
2410129,scshoe/20170220134951497879.jpg,Messi 16+ Pureagility FG - Orange Blue,,,61.99,,,240,0.5,2014/4/30 15:53,2014/4/30 15:53,1000,,Adidas,Messi,,,,,,,1,0,0,0,0,0,,,
2410130,scshoe/20170220134951567880.jpg,Messi 16+ Pureagility FG - Blue Black,,,61.99,,,240,0.5,2014/4/30 15:53,2014/4/30 15:53,1000,,Adidas,Messi,,,,,,,1,0,0,0,0,0,,,
2410104,scshoe/20170220134951619881.jpg,X 16.1 FG - Green,,,53.99,,,159,0.5,2014/4/30 15:53,2014/4/30 15:53,1000,,Adidas,X 16.1,,,,,,,1,0,0,0,0,0,,,
2410105,scshoe/20170220134951689882.jpg,X 16.1 FG - Dark Blue,,,59.99,,,159,0.5,2014/4/30 15:53,2014/4/30 15:53,1000,,Adidas,X 16.1,,,,,,,1,0,0,0,0,0,,,
2410106,scshoe/20170220134951759883.jpg,X 16.1 FG - Orange,,,59.99,,,159,0.5,2014/4/30 15:53,2014/4/30 15:53,1000,,Adidas,X 16.1,,,,,,,1,0,0,0,0,0,,,
2410107,scshoe/20170220134951912884.jpg,X 16.1 FG - Light Blue,,,59.99,,,159,0.5,2014/4/30 15:53,2014/4/30 15:53,1000,,Adidas,X 16.1,,,,,,,1,0,0,0,0,0,,,
2410108,scshoe/20170220134952051885.jpg,X 16.1 FG - Silver,,,59.99,,,159,0.5,2014/4/30 15:53,2014/4/30 15:53,1000,,Adidas,X 16.1,,,,,,,1,0,0,0,0,0,,,
2410109,scshoe/20170220134952189886.jpg,X 16.1 FG - Brown,,,53.99,,,159,0.5,2014/4/30 15:53,2014/4/30 15:53,1000,,Adidas,X 16.1,,,,,,,1,0,0,0,0,0,,,
2410110,scshoe/20170220134952327887.jpg,X 16.1 FG - Black,,,59.99,,,159,0.5,2014/4/30 15:53,2014/4/30 15:53,1000,,Adidas,X 16.1,,,,,,,1,0,0,0,0,0,,,
2410111,scshoe/20170220134952464988.jpg,X 16+ PureChaos FG - Blue,,,54.99,,,240,0.5,2014/4/30 15:53,2014/4/30 15:53,1000,,Adidas,X 16+,,,,,,,1,0,0,0,0,0,,,
2410112,scshoe/20170220134952585989.jpg,X 16+ PureChaos FG - Yellow,,,61.99,,,240,0.5,2014/4/30 15:53,2014/4/30 15:53,1000,,Adidas,X 16+,,,,,,,1,0,0,0,0,0,,,
2410113,scshoe/20170220134952689990.jpg,X 16+ PureChaos FG - Silver,,,61.99,,,240,0.5,2014/4/30 15:53,2014/4/30 15:53,1000,,Adidas,X 16+,,,,,,,1,0,0,0,0,0,,,
2410114,scshoe/20170220134952826991.jpg,X 16+ PureChaos FG - Orange,,,61.99,,,240,0.5,2014/4/30 15:53,2014/4/30 15:53,1000,,Adidas,X 16+,,,,,,,1,0,0,0,0,0,,,
2410115,scshoe/20170220134952966992.jpg,X 16+ PureChaos FG - Rainbow,,,61.99,,,240,0.5,2014/4/30 15:53,2014/4/30 15:53,1000,,Adidas,X 16+,,,,,,,1,0,0,0,0,0,,,
2410116,scshoe/20170220134953107993.jpg,X 16+ PureChaos FG - Black,,,54.99,,,240,0.5,2014/4/30 15:53,2014/4/30 15:53,1000,,Adidas,X 16+,,,,,,,1,0,0,0,0,0,,,
2410131,scshoe/20170220134953296994.jpg,X 16+ PureCHAOS FG - Orange White,,,61.99,,,240,0.5,2014/4/30 15:53,2014/4/30 15:53,1000,,Adidas,X 16+,,,,,,,1,0,0,0,0,0,,,
2410132,scshoe/20170220134953417995.jpg,X 16+ PureCHAOS FG - Golden Orange,,,61.99,,,240,0.5,2014/4/30 15:53,2014/4/30 15:53,1000,,Adidas,X 16+,,,,,,,1,0,0,0,0,0,,,
2410311,scshoe/20170220134953540996.jpg,X 16+ PureChaos FG - Black,,,61.99,,,240,0.5,2014/4/30 15:53,2014/4/30 15:53,1000,,Adidas,X 16+,,,,,,,1,0,0,0,0,0,,,
2410310,scshoe/20170220134953584997.jpg,X 16+ PureChaos FG - Black Grey,,,61.99,,,240,0.5,2014/4/30 15:53,2014/4/30 15:53,1000,,Adidas,X 16+,,,,,,,1,0,0,0,0,0,,,
2410314,scshoe/20170220134953672998.jpg,X 16+ PureChaos FG - Blue Orange Black,,,61.99,,,240,0.5,2014/4/30 15:53,2014/4/30 15:53,1000,,Adidas,X 16+,,,,,,,1,0,0,0,0,0,,,
2410308,scshoe/20170220134953759999.jpg,X 16+ PureChaos FG - Orange Grey,,,61.99,,,240,0.5,2014/4/30 15:53,2014/4/30 15:53,1000,,Adidas,X 16+,,,,,,,1,0,0,0,0,0,,,
2410312,scshoe/201702201349537939100.jpg,X 16+ PureChaos FG - Red,,,61.99,,,240,0.5,2014/4/30 15:53,2014/4/30 15:53,1000,,Adidas,X 16+,,,,,,,1,0,0,0,0,0,,,
2710003,scshoe/201702201349538289101.jpg,Barcelona 001 FG - Green Golden Black,,,49.99,,,96,0.5,2014/4/30 15:53,2014/4/30 15:53,1000,,Mizuno,,,,,,,,1,0,0,0,0,0,,,
2710004,scshoe/201702201349539489102.jpg,Barcelona 001 FG - Red White Black,,,49.99,,,96,0.5,2014/4/30 15:53,2014/4/30 15:53,1000,,Mizuno,,,,,,,,1,0,0,0,0,0,,,
2710021,scshoe/201702201349540699103.jpg,Barcelona FG - Black,,,49.99,,,96,0.5,2014/4/30 15:53,2014/4/30 15:53,1000,,Mizuno,,,,,,,,1,0,0,0,0,0,,,
2710024,scshoe/201702201349541560104.jpg,Barcelona FG - Blue,,,49.99,,,96,0.5,2014/4/30 15:53,2014/4/30 15:53,1000,,Mizuno,,,,,,,,1,0,0,0,0,0,,,
2710022,scshoe/201702201349542410105.jpg,Barcelona FG - Red,,,49.99,,,96,0.5,2014/4/30 15:53,2014/4/30 15:53,1000,,Mizuno,,,,,,,,1,0,0,0,0,0,,,
2710020,scshoe/201702201349543280106.jpg,Barcelona FG - White,,,49.99,,,96,0.5,2014/4/30 15:53,2014/4/30 15:53,1000,,Mizuno,,,,,,,,1,0,0,0,0,0,,,
2710023,scshoe/201702201349544140107.jpg,Barcelona FG - Yellow,,,49.99,,,96,0.5,2014/4/30 15:53,2014/4/30 15:53,1000,,Mizuno,,,,,,,,1,0,0,0,0,0,,,
2510001,scshoe/201702201349544990108.jpg,Elastico Finale III Street TF - Black Grey,,,36.99,,,80,0.5,2014/4/30 15:53,2014/4/30 15:53,1000,,Nike,Elastico,,,,,,,1,0,0,0,0,0,,,
2510002,scshoe/201702201349545860109.jpg,Elastico Finale III Street TF - Red Black,,,36.99,,,80,0.5,2014/4/30 15:53,2014/4/30 15:53,1000,,Nike,Elastico,,,,,,,1,0,0,0,0,0,,,
2510003,scshoe/201702201349546900110.jpg,Elastico Finale III Street TF - Silver Black,,,36.99,,,80,0.5,2014/4/30 15:53,2014/4/30 15:53,1000,,Nike,Elastico,,,,,,,1,0,0,0,0,0,,,
2510005,scshoe/201702201349547940111.jpg,Hypervenom Phantom II FG - Blue Yellow,,,58.99,,,220,0.5,2014/4/30 15:53,2014/4/30 15:53,1000,,Nike,Hypervenom,,,,,,,1,0,0,0,0,0,,,
2510006,scshoe/201702201349548980112.jpg,Hypervenom Phantom II FG - Brown Black,,,58.99,,,220,0.5,2014/4/30 15:53,2014/4/30 15:53,1000,,Nike,Hypervenom,,,,,,,1,0,0,0,0,0,,,
2510007,scshoe/201702201349550010113.jpg,Hypervenom Phantom II FG - Green Black,,,58.99,,,220,0.5,2014/4/30 15:53,2014/4/30 15:53,1000,,Nike,Hypervenom,,,,,,,1,0,0,0,0,0,,,
2510008,scshoe/201702201349550880114.jpg,Hypervenom Phantom II FG - Pure Green,,,58.99,,,220,0.5,2014/4/30 15:53,2014/4/30 15:53,1000,,Nike,Hypervenom,,,,,,,1,0,0,0,0,0,,,
2510009,scshoe/201702201349551920115.jpg,Hypervenom Phantom II FG - Pure Orange,,,58.99,,,220,0.5,2014/4/30 15:53,2014/4/30 15:53,1000,,Nike,Hypervenom,,,,,,,1,0,0,0,0,0,,,
2510010,scshoe/201702201349552960116.jpg,Hypervenom Phantom II FG - Silver Orange,,,58.99,,,220,0.5,2014/4/30 15:53,2014/4/30 15:53,1000,,Nike,Hypervenom,,,,,,,1,0,0,0,0,0,,,
2510011,scshoe/201702201349553310117.jpg,Hypervenom Phatal II Dynamic Fit FG,,,58.99,,,140,0.5,2014/4/30 15:53,2014/4/30 15:53,1000,,Nike,Hypervenom,,,,,,,1,0,0,0,0,0,,,
2510149,scshoe/201702201349554340118.jpg,Hypervenom Phantom II FG - Yellow Orange,,,46.99,,,168,0.5,2014/4/30 15:53,2014/4/30 15:53,1000,,Nike,Hypervenom,,,,,,,1,0,0,0,0,0,,,
2510222,scshoe/201702201349555380119.jpg,Hypervenom Phantom II FG - Black White,,,59.99,,,220,0.5,2014/4/30 15:53,2014/4/30 15:53,1000,,Nike,Hypervenom,,,,,,,1,0,0,0,0,0,,,
2510223,scshoe/201702201349556600120.jpg,Hypervenom Phinish II FG - White Black,,,45.99,,,104,0.5,2014/4/30 15:53,2014/4/30 15:53,1000,,Nike,Hypervenom,,,,,,,1,0,0,0,0,0,,,
2510303,scshoe/201702201349557960121.jpg,Hypervenom Phantom II FG - Black Blue,,,58.99,,,220,0.5,2014/4/30 15:53,2014/4/30 15:53,1000,,Nike,Hypervenom,,,,,,,1,0,0,0,0,0,,,
2510309,scshoe/201702201349558921122.jpg,Hypervenom Phantom II FG - Blue Purple Orange,,,58.99,,,220,0.5,2014/4/30 15:53,2014/4/30 15:53,1000,,Nike,Hypervenom,,,,,,,1,0,0,0,0,0,,,
2510308,scshoe/201702201349559771123.jpg,Hypervenom Phantom II TF - Blue Purple Yellow,,,58.99,,,220,0.5,2014/4/30 15:53,2014/4/30 15:53,1000,,Nike,Hypervenom,,,,,,,1,0,0,0,0,0,,,
2510305,scshoe/201702201349560641124.jpg,Hypervenom Phantom II TF - Orange,,,58.99,,,220,0.5,2014/4/30 15:53,2014/4/30 15:53,1000,,Nike,Hypervenom,,,,,,,1,0,0,0,0,0,,,
2510313,scshoe/201702201349561501125.jpg,Hypervenom Phinish II FG - Black Grey,,,45.99,,,104,0.5,2014/4/30 15:53,2014/4/30 15:53,1000,,Nike,Hypervenom,,,,,,,1,0,0,0,0,0,,,
2510314,scshoe/201702201349562381126.jpg,Hypervenom Phinish II FG - Blue Silver,,,45.99,,,104,0.5,2014/4/30 15:53,2014/4/30 15:53,1000,,Nike,Hypervenom,,,,,,,1,0,0,0,0,0,,,
2510312,scshoe/201702201349563551127.jpg,Hypervenom Phinish II FG - Orange Purple,,,45.99,,,104,0.5,2014/4/30 15:53,2014/4/30 15:53,1000,,Nike,Hypervenom,,,,,,,1,0,0,0,0,0,,,
2510311,scshoe/201702201349564421128.jpg,Hypervenom Phinish II FG - White Gold,,,45.99,,,104,0.5,2014/4/30 15:53,2014/4/30 15:53,1000,,Nike,Hypervenom,,,,,,,1,0,0,0,0,0,,,
2510315,scshoe/201702201349565301129.jpg,Hypervenom Phinish II TPU FG - Black Purple Orange,,,45.99,,,104,0.5,2014/4/30 15:53,2014/4/30 15:53,1000,,Nike,Hypervenom,,,,,,,1,0,0,0,0,0,,,
2510347,scshoe/201702201349566161130.jpg,Hypervenom Phinish II FG- White Red Grey,,,45.99,,,104,0.5,2014/4/30 15:53,2014/4/30 15:53,1000,,Nike,Hypervenom,,,,,,,1,0,0,0,0,0,,,
2510020,scshoe/201702201349567031131.jpg,Magista Opus FG - White Red,,,46.99,,,160,0.5,2014/4/30 15:53,2014/4/30 15:53,1000,,Nike,Magista,,,,,,,1,0,0,0,0,0,,,
2510021,scshoe/201702201349568081132.jpg,Magista Opus FG - Yellow Orange,,,46.99,,,160,0.5,2014/4/30 15:53,2014/4/30 15:53,1000,,Nike,Magista,,,,,,,1,0,0,0,0,0,,,
2510224,scshoe/201702201349569111133.jpg,Magista Obra FG - Red Yellow,,,58.99,,,220,0.5,2014/4/30 15:53,2014/4/30 15:53,1000,,Nike,Magista,,,,,,,1,0,0,0,0,0,,,
2510225,scshoe/201702201349570331134.JPG,Magista Obra FG - Black,,,58.99,,,220,0.5,2014/4/30 15:53,2014/4/30 15:53,1000,,Nike,Magista,,,,,,,1,0,0,0,0,0,,,
2510226,scshoe/201702201349571551135.jpg,Magista Opus II FG - Fluorescent Yellow Blue,,,57.99,,,184,0.5,2014/4/30 15:53,2014/4/30 15:53,1000,,Nike,Magista,,,,,,,1,0,0,0,0,0,,,
2510227,scshoe/201702201349572411136.jpg,Magista Opus II FG - Grey Blue,,,57.99,,,184,0.5,2014/4/30 15:53,2014/4/30 15:53,1000,,Nike,Magista,,,,,,,1,0,0,0,0,0,,,
2510228,scshoe/201702201349573281137.jpg,Magista Opus II FG - Grey Orange,,,57.99,,,184,0.5,2014/4/30 15:53,2014/4/30 15:53,1000,,Nike,Magista,,,,,,,1,0,0,0,0,0,,,
2510229,scshoe/201702201349574141138.jpg,Magista Opus II FG - Fluorescent Yellow Black,,,57.99,,,184,0.5,2014/4/30 15:53,2014/4/30 15:53,1000,,Nike,Magista,,,,,,,1,0,0,0,0,0,,,
2510230,scshoe/201702201349575001139.jpg,Magista Opus II FG - Orange Black,,,57.99,,,184,0.5,2014/4/30 15:53,2014/4/30 15:53,1000,,Nike,Magista,,,,,,,1,0,0,0,0,0,,,
2510231,scshoe/201702201349575892140.jpg,Magista Opus II TF - Black Blue,,,36.99,,,80,0.5,2014/4/30 15:53,2014/4/30 15:53,1000,,Nike,Magista,,,,,,,1,0,0,0,0,0,,,
2510232,scshoe/201702201349576762141.jpg,Magista Opus II TF - Blue Fluorescent Yellow,,,36.99,,,80,0.5,2014/4/30 15:53,2014/4/30 15:53,1000,,Nike,Magista,,,,,,,1,0,0,0,0,0,,,
2510233,scshoe/201702201349577642142.jpg,Magista Opus II TF - Fluorescent Yellow Orange,,,36.99,,,80,0.5,2014/4/30 15:53,2014/4/30 15:53,1000,,Nike,Magista,,,,,,,1,0,0,0,0,0,,,
2510234,scshoe/201702201349578712143.jpg,Magista Opus II TF - Orange Black,,,36.99,,,80,0.5,2014/4/30 15:53,2014/4/30 15:53,1000,,Nike,Magista,,,,,,,1,0,0,0,0,0,,,
2510235,scshoe/201702201349579582144.jpg,Magista Opus II TF - Grey Blue,,,36.99,,,80,0.5,2014/4/30 15:53,2014/4/30 15:53,1000,,Nike,Magista,,,,,,,1,0,0,0,0,0,,,
2510236,scshoe/201702201349580432145.jpg,Magista Opus II TF - Grey Orange,,,36.99,,,80,0.5,2014/4/30 15:53,2014/4/30 15:53,1000,,Nike,Magista,,,,,,,1,0,0,0,0,0,,,
2510250,scshoe/201702201349581292146.jpg,Magista Obra II FG - Black Brown,,,69.99,,,240,0.5,2014/4/30 15:53,2014/4/30 15:53,1000,,Nike,Magista,,,,,,,1,0,0,0,0,0,,,
2510251,scshoe/201702201349582502147.jpg,Magista Obra II FG - Black Orange,,,69.99,,,240,0.5,2014/4/30 15:53,2014/4/30 15:53,1000,,Nike,Magista,,,,,,,1,0,0,0,0,0,,,
2510252,scshoe/201702201349583712148.jpg,Magista Obra II FG - Grey Green,,,69.99,,,240,0.5,2014/4/30 15:53,2014/4/30 15:53,1000,,Nike,Magista,,,,,,,1,0,0,0,0,0,,,
2510253,scshoe/201702201349584932149.jpg,Magista Obra II FG - Red Grey,,,69.99,,,240,0.5,2014/4/30 15:53,2014/4/30 15:53,1000,,Nike,Magista,,,,,,,1,0,0,0,0,0,,,
2510254,scshoe/201702201349586142150.jpg,Magista Obra II FG - Brown Black,,,69.99,,,240,0.5,2014/4/30 15:53,2014/4/30 15:53,1000,,Nike,Magista,,,,,,,1,0,0,0,0,0,,,
2510255,scshoe/201702201349587352151.jpg,Magista Obra II FG - Grey Red,,,69.99,,,240,0.5,2014/4/30 15:53,2014/4/30 15:53,1000,,Nike,Magista,,,,,,,1,0,0,0,0,0,,,
2510256,scshoe/201702201349588572152.jpg,Magista Obra II FG - Green,,,69.99,,,240,0.5,2014/4/30 15:53,2014/4/30 15:53,1000,,Nike,Magista,,,,,,,1,0,0,0,0,0,,,
2510257,scshoe/201702201349589792153.jpg,Magista Obra II FG - Yellow Orange,,,69.99,,,240,0.5,2014/4/30 15:53,2014/4/30 15:53,1000,,Nike,Magista,,,,,,,1,0,0,0,0,0,,,
2510258,scshoe/201702201349591012154.jpg,Magista Obra II FG - Black Green,,,69.99,,,240,0.5,2014/4/30 15:53,2014/4/30 15:53,1000,,Nike,Magista,,,,,,,1,0,0,0,0,0,,,
2510307,scshoe/201702201349592232155.jpg,Magista Obra II FG - Blue,,,69.99,,,240,0.5,2014/4/30 15:53,2014/4/30 15:53,1000,,Nike,Magista,,,,,,,1,0,0,0,0,0,,,
2510304,scshoe/201702201349593112156.jpg,Magista Obra II TF - Grey White,,,75.92830189,,,240,0.5,2014/4/30 15:53,2014/4/30 15:53,1000,,Nike,Magista,,,,,,,1,0,0,0,0,0,,,
2510324,scshoe/201702201349593973157.jpg,Magista Obra II FG - Black Blue,,,69.99,,,240,0.5,2014/4/30 15:53,2014/4/30 15:53,1000,,Nike,Magista,,,,,,,1,0,0,0,0,0,,,
2510328,scshoe/201702201349594833158.jpg,Magista Obra II FG - Black Yellow,,,69.99,,,240,0.5,2014/4/30 15:53,2014/4/30 15:53,1000,,Nike,Magista,,,,,,,1,0,0,0,0,0,,,
2510340,scshoe/201702201349595693159.jpg,Magista Obra II FG - Blue White,,,69.99,,,240,0.5,2014/4/30 15:53,2014/4/30 15:53,1000,,Nike,Magista,,,,,,,1,0,0,0,0,0,,,
2510334,scshoe/201702201349596553160.jpg,Magista Obra II FG - Grey White Red,,,69.99,,,240,0.5,2014/4/30 15:53,2014/4/30 15:53,1000,,Nike,Magista,,,,,,,1,0,0,0,0,0,,,
2510338,scshoe/201702201349597403161.jpg,Magista Obra II FG - Orange White,,,69.99,,,240,0.5,2014/4/30 15:53,2014/4/30 15:53,1000,,Nike,Magista,,,,,,,1,0,0,0,0,0,,,
2510339,scshoe/201702201349598273162.jpg,Magista Obra II FG - Orange Yellow,,,69.99,,,240,0.5,2014/4/30 15:53,2014/4/30 15:53,1000,,Nike,Magista,,,,,,,1,0,0,0,0,0,,,
2510343,scshoe/201702201349599113163.jpg,Magista Obra II FG - Plum Red,,,69.99,,,240,0.5,2014/4/30 15:53,2014/4/30 15:53,1000,,Nike,Magista,,,,,,,1,0,0,0,0,0,,,
2510330,scshoe/201702201349599963164.jpg,Magista Obra II FG - Red Black,,,69.99,,,240,0.5,2014/4/30 15:53,2014/4/30 15:53,1000,,Nike,Magista,,,,,,,1,0,0,0,0,0,,,
2510320,scshoe/201702201350000813165.jpg,Magista Obra II FG - White Grey Black,,,69.99,,,240,0.5,2014/4/30 15:53,2014/4/30 15:53,1000,,Nike,Magista,,,,,,,1,0,0,0,0,0,,,
2510326,scshoe/201702201350001673166.jpg,Magista Obra II TF - Black,,,66.99,,,240,0.5,2014/4/30 15:53,2014/4/30 15:53,1000,,Nike,Magista,,,,,,,1,0,0,0,0,0,,,
2510325,scshoe/201702201350002523167.jpg,Magista Obra II TF - Black Blue,,,66.99,,,240,0.5,2014/4/30 15:53,2014/4/30 15:53,1000,,Nike,Magista,,,,,,,1,0,0,0,0,0,,,
2510323,scshoe/201702201350003393168.jpg,Magista Obra II TF - Black Grey,,,66.99,,,240,0.5,2014/4/30 15:53,2014/4/30 15:53,1000,,Nike,Magista,,,,,,,1,0,0,0,0,0,,,
2510327,scshoe/201702201350004263169.jpg,Magista Obra II TF - Black Orange,,,66.99,,,240,0.5,2014/4/30 15:53,2014/4/30 15:53,1000,,Nike,Magista,,,,,,,1,0,0,0,0,0,,,
2510342,scshoe/201702201350005123170.jpg,Magista Obra II TF - Blue Green,,,66.99,,,240,0.5,2014/4/30 15:53,2014/4/30 15:53,1000,,Nike,Magista,,,,,,,1,0,0,0,0,0,,,
2510341,scshoe/201702201350006003171.jpg,Magista Obra II TF - Blue White,,,66.99,,,240,0.5,2014/4/30 15:53,2014/4/30 15:53,1000,,Nike,Magista,,,,,,,1,0,0,0,0,0,,,
2510336,scshoe/201702201350006873172.jpg,Magista Obra II TF - Gold Black,,,66.99,,,240,0.5,2014/4/30 15:53,2014/4/30 15:53,1000,,Nike,Magista,,,,,,,1,0,0,0,0,0,,,
2510335,scshoe/201702201350007763173.jpg,Magista Obra II TF - Grey Black,,,66.99,,,240,0.5,2014/4/30 15:53,2014/4/30 15:53,1000,,Nike,Magista,,,,,,,1,0,0,0,0,0,,,
2510337,scshoe/201702201350008653174.jpg,Magista Obra II TF - Orange White Black,,,66.99,,,240,0.5,2014/4/30 15:53,2014/4/30 15:53,1000,,Nike,Magista,,,,,,,1,0,0,0,0,0,,,
2510321,scshoe/201702201350009633175.jpg,Magista Obra II TF - White Grey,,,66.99,,,240,0.5,2014/4/30 15:53,2014/4/30 15:53,1000,,Nike,Magista,,,,,,,1,0,0,0,0,0,,,
2510331,scshoe/201702201350010483176.jpg,Magista Obra II TF - Yellow Orange,,,66.99,,,240,0.5,2014/4/30 15:53,2014/4/30 15:53,1000,,Nike,Magista,,,,,,,1,0,0,0,0,0,,,
2510322,scshoe/201702201350011354177.jpg,Magista Obra II TPU FG - White Orange,,,69.99,,,240,0.5,2014/4/30 15:53,2014/4/30 15:53,1000,,Nike,Magista,,,,,,,1,0,0,0,0,0,,,
2510319,scshoe/201702201350013344178.jpg,Magista Obra II TPU FG - White Red,,,69.99,,,240,0.5,2014/4/30 15:53,2014/4/30 15:53,1000,,Nike,Magista,,,,,,,1,0,0,0,0,0,,,
2510051,scshoe/201702201350014194179.jpg,Mercurial Superfly IV FG - Yellow,,,59.99,,,240,0.5,2014/4/30 15:53,2014/4/30 15:53,1000,,Nike,Mercurial Superfly IV,,,,,,,1,0,0,0,0,0,,,
2510053,scshoe/201702201350015234180.jpg,Mercurial Superfly IV FG - Green Orange,,,59.99,,,240,0.5,2014/4/30 15:53,2014/4/30 15:53,1000,,Nike,Mercurial Superfly IV,,,,,,,1,0,0,0,0,0,,,
2510054,scshoe/201702201350016434181.jpg,Mercurial Superfly IV FG - Grey Black,,,59.99,,,240,0.5,2014/4/30 15:53,2014/4/30 15:53,1000,,Nike,Mercurial Superfly IV,,,,,,,1,0,0,0,0,0,,,
2510059,scshoe/201702201350017474182.jpg,Mercurial Superfly IV FG - Orange Yellow,,,59.99,,,240,0.5,2014/4/30 15:53,2014/4/30 15:53,1000,,Nike,Mercurial Superfly IV,,,,,,,1,0,0,0,0,0,,,
2510094,scshoe/201702201350018714183.jpg,Mercurial Superfly IV FG - PINK,,,58.99,,,220,0.5,2014/4/30 15:53,2014/4/30 15:53,1000,,Nike,Mercurial Superfly IV,,,,,,,1,0,0,0,0,0,,,
2510096,scshoe/201702201350019754184.jpg,Mercurial Superfly IV FG - White,,,58.99,,,220,0.5,2014/4/30 15:53,2014/4/30 15:53,1000,,Nike,Mercurial Superfly IV,,,,,,,1,0,0,0,0,0,,,
2510098,scshoe/201702201350021024185.jpg,Mercurial Superfly IV FG - Black Red,,,58.99,,,220,0.5,2014/4/30 15:53,2014/4/30 15:53,1000,,Nike,Mercurial Superfly IV,,,,,,,1,0,0,0,0,0,,,
2510104,scshoe/201702201350022054186.jpg,Mercurial Superfly IV FG- OCEAN Blue,,,58.99,,,220,0.5,2014/4/30 15:53,2014/4/30 15:53,1000,,Nike,Mercurial Superfly IV,,,,,,,1,0,0,0,0,0,,,
2510134,scshoe/201702201350023104187.jpg,Mercurial Superfly IV FG - Blue Green,,,59.99,,,168,0.5,2014/4/30 15:53,2014/4/30 15:53,1000,,Nike,Mercurial Superfly IV,,,,,,,1,0,0,0,0,0,,,
2510140,scshoe/201702201350024144188.jpg,Mercurial Superfly IV FG - Brown Orange,,,59.99,,,168,0.5,2014/4/30 15:53,2014/4/30 15:53,1000,,Nike,Mercurial Superfly IV,,,,,,,1,0,0,0,0,0,,,
2510176,scshoe/201702201350025174189.jpg,Mercurial Superfly IV FG - Black Brown,,,57.99,,,120,0.5,2014/4/30 15:53,2014/4/30 15:53,1000,,Nike,Mercurial Superfly IV,,,,,,,1,0,0,0,0,0,,,
2510177,scshoe/201702201350026394190.jpg,Mercurial Superfly IV FG - Brown Yellow,,,57.99,,,120,0.5,2014/4/30 15:53,2014/4/30 15:53,1000,,Nike,Mercurial Superfly IV,,,,,,,1,0,0,0,0,0,,,
2510178,scshoe/201702201350027594191.jpg,Mercurial Superfly IV FG - Black Red,,,57.99,,,120,0.5,2014/4/30 15:53,2014/4/30 15:53,1000,,Nike,Mercurial Superfly IV,,,,,,,1,0,0,0,0,0,,,
2510179,scshoe/201702201350028815192.jpg,Mercurial Superfly IV FG - Black White,,,57.99,,,120,0.5,2014/4/30 15:53,2014/4/30 15:53,1000,,Nike,Mercurial Superfly IV,,,,,,,1,0,0,0,0,0,,,
2510180,scshoe/201702201350030045193.jpg,Mercurial Superfly IV FG - Black Grey,,,57.99,,,120,0.5,2014/4/30 15:53,2014/4/30 15:53,1000,,Nike,Mercurial Superfly IV,,,,,,,1,0,0,0,0,0,,,
2510181,scshoe/201702201350032175194.JPG,Mercurial Superfly IV FG - Purple Black,,,57.99,,,120,0.5,2014/4/30 15:53,2014/4/30 15:53,1000,,Nike,Mercurial Superfly IV,,,,,,,1,0,0,0,0,0,,,
2510182,scshoe/201702201350034465195.JPG,Mercurial Superfly IV FG - Blue White,,,57.99,,,120,0.5,2014/4/30 15:53,2014/4/30 15:53,1000,,Nike,Mercurial Superfly IV,,,,,,,1,0,0,0,0,0,,,
2510183,scshoe/201702201350035795196.JPG,Mercurial Superfly IV FG - Red,,,57.99,,,120,0.5,2014/4/30 15:53,2014/4/30 15:53,1000,,Nike,Mercurial Superfly IV,,,,,,,1,0,0,0,0,0,,,
2510184,scshoe/201702201350036995197.JPG,Mercurial Superfly IV FG - White Brown,,,57.99,,,120,0.5,2014/4/30 15:53,2014/4/30 15:53,1000,,Nike,Mercurial Superfly IV,,,,,,,1,0,0,0,0,0,,,
2510185,scshoe/201702201350038235198.JPG,Mercurial Superfly IV FG - White Grey,,,57.99,,,120,0.5,2014/4/30 15:53,2014/4/30 15:53,1000,,Nike,Mercurial Superfly IV,,,,,,,1,0,0,0,0,0,,,
2510186,scshoe/201702201350039435199.JPG,Mercurial Superfly IV FG - Blue Black,,,57.99,,,120,0.5,2014/4/30 15:53,2014/4/30 15:53,1000,,Nike,Mercurial Superfly IV,,,,,,,1,0,0,0,0,0,,,
2510187,scshoe/201702201350040635200.JPG,Mercurial Superfly IV FG - White Green,,,57.99,,,120,0.5,2014/4/30 15:53,2014/4/30 15:53,1000,,Nike,Mercurial Superfly IV,,,,,,,1,0,0,0,0,0,,,
2510188,scshoe/201702201350041845201.jpg,Mercurial Superfly IV TF - Black Red,,,57.99,,,120,0.5,2014/4/30 15:53,2014/4/30 15:53,1000,,Nike,Mercurial Superfly IV,,,,,,,1,0,0,0,0,0,,,
2510242,scshoe/201702201350043055202.jpg,Mercurial Superfly V FG - Green Black,,,61.99,,,240,0.5,2014/4/30 15:53,2014/4/30 15:53,1000,,Nike,Mercurial Superfly V,,,,,,,1,0,0,0,0,0,,,
2510189,scshoe/201702201350043935203.jpg,Mercurial Superfly V AG - Black Pink,,,61.99,,,240,0.5,2014/4/30 15:53,2014/4/30 15:53,1000,,Nike,Mercurial Superfly V,,,,,,,1,0,0,0,0,0,,,
2510190,scshoe/201702201350045135204.jpg,Mercurial Superfly V FG - Green Black,,,61.99,,,240,0.5,2014/4/30 15:53,2014/4/30 15:53,1000,,Nike,Mercurial Superfly V,,,,,,,1,0,0,0,0,0,,,
2510191,scshoe/201702201350046356205.jpg,Mercurial Superfly V FG - Orange Black,,,61.99,,,240,0.5,2014/4/30 15:53,2014/4/30 15:53,1000,,Nike,Mercurial Superfly V,,,,,,,1,0,0,0,0,0,,,
2510192,scshoe/201702201350047566206.jpg,Mercurial Superfly V FG - Black Grey,,,61.99,,,240,0.5,2014/4/30 15:53,2014/4/30 15:53,1000,,Nike,Mercurial Superfly V,,,,,,,1,0,0,0,0,0,,,
2510193,scshoe/201702201350048786207.jpg,Mercurial Superfly V FG - Grey Blue,,,61.99,,,240,0.5,2014/4/30 15:53,2014/4/30 15:53,1000,,Nike,Mercurial Superfly V,,,,,,,1,0,0,0,0,0,,,
2510194,scshoe/201702201350049986208.jpg,Mercurial Superfly V FG - Black White,,,61.99,,,240,0.5,2014/4/30 15:53,2014/4/30 15:53,1000,,Nike,Mercurial Superfly V,,,,,,,1,0,0,0,0,0,,,
2510195,scshoe/201702201350051236209.jpg,Mercurial Superfly V FG - Red White,,,61.99,,,240,0.5,2014/4/30 15:53,2014/4/30 15:53,1000,,Nike,Mercurial Superfly V,,,,,,,1,0,0,0,0,0,,,
2510196,scshoe/201702201350052456210.jpg,Mercurial Superfly V FG - Grey Green,,,61.99,,,240,0.5,2014/4/30 15:53,2014/4/30 15:53,1000,,Nike,Mercurial Superfly V,,,,,,,1,0,0,0,0,0,,,
2510197,scshoe/201702201350053676211.JPG,Mercurial Superfly V FG - Blue Black,,,61.99,,,240,0.5,2014/4/30 15:53,2014/4/30 15:53,1000,,Nike,Mercurial Superfly V,,,,,,,1,0,0,0,0,0,,,
2510198,scshoe/201702201350055496212.JPG,Mercurial Superfly V FG - Green,,,61.99,,,240,0.5,2014/4/30 15:53,2014/4/30 15:53,1000,,Nike,Mercurial Superfly V,,,,,,,1,0,0,0,0,0,,,
2510261,scshoe/201702201350056756213.jpg,Mercurial Superfly V FG - Black Grey,,,61.99,,,240,0.5,2014/4/30 15:53,2014/4/30 15:53,1000,,Nike,Mercurial Superfly V,,,,,,,1,0,0,0,0,0,,,
2510262,scshoe/201702201350057966214.jpg,Mercurial Superfly V FG - Colorful,,,61.99,,,240,0.5,2014/4/30 15:53,2014/4/30 15:53,1000,,Nike,Mercurial Superfly V,,,,,,,1,0,0,0,0,0,,,
2510263,scshoe/201702201350059256215.jpg,Mercurial Superfly V TF - Colorful,,,58.99,,,143,0.5,2014/4/30 15:53,2014/4/30 15:53,1000,,Nike,Mercurial Superfly V,,,,,,,1,0,0,0,0,0,,,
2510264,scshoe/201702201350060496216.jpg,Mercurial Superfly V TF - Green Black,,,58.99,,,143,0.5,2014/4/30 15:53,2014/4/30 15:53,1000,,Nike,Mercurial Superfly V,,,,,,,1,0,0,0,0,0,,,
2510265,scshoe/201702201350061706217.jpg,Mercurial Superfly V TF - Black White,,,58.99,,,143,0.5,2014/4/30 15:53,2014/4/30 15:53,1000,,Nike,Mercurial Superfly V,,,,,,,1,0,0,0,0,0,,,
2510266,scshoe/201702201350062916218.jpg,Mercurial Superfly V TF - Grey Green,,,58.99,,,143,0.5,2014/4/30 15:53,2014/4/30 15:53,1000,,Nike,Mercurial Superfly V,,,,,,,1,0,0,0,0,0,,,
2510267,scshoe/201702201350064117219.jpg,Mercurial Superfly V TF - Black,,,58.99,,,143,0.5,2014/4/30 15:53,2014/4/30 15:53,1000,,Nike,Mercurial Superfly V,,,,,,,1,0,0,0,0,0,,,
2510268,scshoe/201702201350065317220.jpg,Mercurial Superfly V TF - Red,,,58.99,,,143,0.5,2014/4/30 15:53,2014/4/30 15:53,1000,,Nike,Mercurial Superfly V,,,,,,,1,0,0,0,0,0,,,
2510269,scshoe/201702201350066517221.jpg,Mercurial Superfly V TF - Blue White,,,58.99,,,143,0.5,2014/4/30 15:53,2014/4/30 15:53,1000,,Nike,Mercurial Superfly V,,,,,,,1,0,0,0,0,0,,,
2510270,scshoe/201702201350067717222.jpg,Mercurial Superfly V TF - Orange Black,,,58.99,,,143,0.5,2014/4/30 15:53,2014/4/30 15:53,1000,,Nike,Mercurial Superfly V,,,,,,,1,0,0,0,0,0,,,
2510384,scshoe/201702201350068927223.jpg,Mercurial Superfly V CR7 TF - Cr7 Black Grey,,,61.99,,,240,0.5,2014/4/30 15:53,2014/4/30 15:53,1000,,Nike,Mercurial Superfly V,,,,,,,1,0,0,0,0,0,,,
2510416,scshoe/201702201350069787224.jpg,Mercurial Superfly V FG - Blue Grey Organge,,,61.99,,,240,0.5,2014/4/30 15:53,2014/4/30 15:53,1000,,Nike,Mercurial Superfly V,,,,,,,1,0,0,0,0,0,,,
2510411,scshoe/201702201350070657225.jpg,Mercurial Superfly V FG - Organge Blue,,,61.99,,,240,0.5,2014/4/30 15:53,2014/4/30 15:53,1000,,Nike,Mercurial Superfly V,,,,,,,1,0,0,0,0,0,,,
2510431,scshoe/201702201350071517226.jpg,Mercurial Superfly V FG - Purple Orange,,,61.99,,,240,0.5,2014/4/30 15:53,2014/4/30 15:53,1000,,Nike,Mercurial Superfly V,,,,,,,1,0,0,0,0,0,,,
2510396,scshoe/201702201350072387227.jpg,Mercurial Superfly V FG - Red Blue,,,61.99,,,240,0.5,2014/4/30 15:53,2014/4/30 15:53,1000,,Nike,Mercurial Superfly V,,,,,,,1,0,0,0,0,0,,,
2510428,scshoe/201702201350073257228.jpg,Mercurial Superfly V TF - Black Green,,,58.99,,,143,0.5,2014/4/30 15:53,2014/4/30 15:53,1000,,Nike,Mercurial Superfly V,,,,,,,1,0,0,0,0,0,,,
2510385,scshoe/201702201350074117229.jpg,Mercurial Superfly V TF - Black Grey Blue,,,58.99,,,143,0.5,2014/4/30 15:53,2014/4/30 15:53,1000,,Nike,Mercurial Superfly V,,,,,,,1,0,0,0,0,0,,,
2510390,scshoe/201702201350074967230.jpg,Mercurial Superfly V TF - Black Pink,,,58.99,,,143,0.5,2014/4/30 15:53,2014/4/30 15:53,1000,,Nike,Mercurial Superfly V,,,,,,,1,0,0,0,0,0,,,
2510378,scshoe/201702201350075817231.jpg,Mercurial Superfly V TF - Black White,,,58.99,,,143,0.5,2014/4/30 15:53,2014/4/30 15:53,1000,,Nike,Mercurial Superfly V,,,,,,,1,0,0,0,0,0,,,
2510387,scshoe/201702201350076787232.jpg,Mercurial Superfly V TF - Black White,,,58.99,,,143,0.5,2014/4/30 15:53,2014/4/30 15:53,1000,,Nike,Mercurial Superfly V,,,,,,,1,0,0,0,0,0,,,
2510379,scshoe/201702201350077657233.jpg,Mercurial Superfly V TF - Black Yellow,,,58.99,,,143,0.5,2014/4/30 15:53,2014/4/30 15:53,1000,,Nike,Mercurial Superfly V,,,,,,,1,0,0,0,0,0,,,
2510383,scshoe/201702201350078537234.jpg,Mercurial Superfly V TF - Black Yellow Silver,,,58.99,,,143,0.5,2014/4/30 15:53,2014/4/30 15:53,1000,,Nike,Mercurial Superfly V,,,,,,,1,0,0,0,0,0,,,
2510414,scshoe/201702201350079397235.jpg,Mercurial Superfly V TF - Blue Black,,,58.99,,,143,0.5,2014/4/30 15:53,2014/4/30 15:53,1000,,Nike,Mercurial Superfly V,,,,,,,1,0,0,0,0,0,,,
2510415,scshoe/201702201350080257236.jpg,Mercurial Superfly V TF - Blue Black,,,58.99,,,143,0.5,2014/4/30 15:53,2014/4/30 15:53,1000,,Nike,Mercurial Superfly V,,,,,,,1,0,0,0,0,0,,,
2510417,scshoe/201702201350081128237.jpg,Mercurial Superfly V TF - Blue Organge,,,58.99,,,143,0.5,2014/4/30 15:53,2014/4/30 15:53,1000,,Nike,Mercurial Superfly V,,,,,,,1,0,0,0,0,0,,,
2510412,scshoe/201702201350082008238.jpg,Mercurial Superfly V TF - Blue White,,,58.99,,,143,0.5,2014/4/30 15:53,2014/4/30 15:53,1000,,Nike,Mercurial Superfly V,,,,,,,1,0,0,0,0,0,,,
2510419,scshoe/201702201350082868239.jpg,Mercurial Superfly V TF - Blue White,,,58.99,,,143,0.5,2014/4/30 15:53,2014/4/30 15:53,1000,,Nike,Mercurial Superfly V,,,,,,,1,0,0,0,0,0,,,
2510427,scshoe/201702201350083748240.jpg,Mercurial Superfly V TF - Colorful,,,58.99,,,143,0.5,2014/4/30 15:53,2014/4/30 15:53,1000,,Nike,Mercurial Superfly V,,,,,,,1,0,0,0,0,0,,,
2510421,scshoe/201702201350084618241.jpg,Mercurial Superfly V TF - Green Black,,,58.99,,,143,0.5,2014/4/30 15:53,2014/4/30 15:53,1000,,Nike,Mercurial Superfly V,,,,,,,1,0,0,0,0,0,,,
2510422,scshoe/201702201350085488242.jpg,Mercurial Superfly V TF - Green Black,,,58.99,,,143,0.5,2014/4/30 15:53,2014/4/30 15:53,1000,,Nike,Mercurial Superfly V,,,,,,,1,0,0,0,0,0,,,
2510424,scshoe/201702201350086348243.jpg,Mercurial Superfly V TF - Green Black,,,58.99,,,143,0.5,2014/4/30 15:53,2014/4/30 15:53,1000,,Nike,Mercurial Superfly V,,,,,,,1,0,0,0,0,0,,,
2510420,scshoe/201702201350087098244.jpg,Mercurial Superfly V TF - Green Black White,,,58.99,,,143,0.5,2014/4/30 15:53,2014/4/30 15:53,1000,,Nike,Mercurial Superfly V,,,,,,,1,0,0,0,0,0,,,
2510425,scshoe/201702201350087968245.jpg,Mercurial Superfly V TF - Green Silver,,,58.99,,,143,0.5,2014/4/30 15:53,2014/4/30 15:53,1000,,Nike,Mercurial Superfly V,,,,,,,1,0,0,0,0,0,,,
2510402,scshoe/201702201350088848246.jpg,Mercurial Superfly V TF - Grey White,,,58.99,,,143,0.5,2014/4/30 15:53,2014/4/30 15:53,1000,,Nike,Mercurial Superfly V,,,,,,,1,0,0,0,0,0,,,
2510404,scshoe/201702201350089718247.jpg,Mercurial Superfly V TF - Grey Yellow,,,58.99,,,143,0.5,2014/4/30 15:53,2014/4/30 15:53,1000,,Nike,Mercurial Superfly V,,,,,,,1,0,0,0,0,0,,,
2510408,scshoe/201702201350090598248.jpg,Mercurial Superfly V TF - Organge Black,,,58.99,,,143,0.5,2014/4/30 15:53,2014/4/30 15:53,1000,,Nike,Mercurial Superfly V,,,,,,,1,0,0,0,0,0,,,
2510410,scshoe/201702201350092258249.jpg,Mercurial Superfly V TF - Organge Blue,,,58.99,,,143,0.5,2014/4/30 15:53,2014/4/30 15:53,1000,,Nike,Mercurial Superfly V,,,,,,,1,0,0,0,0,0,,,
2510409,scshoe/201702201350093978250.jpg,Mercurial Superfly V TF - Organge Red,,,58.99,,,143,0.5,2014/4/30 15:53,2014/4/30 15:53,1000,,Nike,Mercurial Superfly V,,,,,,,1,0,0,0,0,0,,,
2510430,scshoe/201702201350095248251.jpg,Mercurial Superfly V TF - Purple Black,,,58.99,,,143,0.5,2014/4/30 15:53,2014/4/30 15:53,1000,,Nike,Mercurial Superfly V,,,,,,,1,0,0,0,0,0,,,
2510398,scshoe/201702201350096118252.jpg,Mercurial Superfly V TF - Red,,,58.99,,,143,0.5,2014/4/30 15:53,2014/4/30 15:53,1000,,Nike,Mercurial Superfly V,,,,,,,1,0,0,0,0,0,,,
2510394,scshoe/201702201350096998253.jpg,Mercurial Superfly V TF - Red Black,,,58.99,,,143,0.5,2014/4/30 15:53,2014/4/30 15:53,1000,,Nike,Mercurial Superfly V,,,,,,,1,0,0,0,0,0,,,
2510395,scshoe/201702201350097868254.jpg,Mercurial Superfly V TF -Red Black,,,58.99,,,143,0.5,2014/4/30 15:53,2014/4/30 15:53,1000,,Nike,Mercurial Superfly V,,,,,,,1,0,0,0,0,0,,,
2510392,scshoe/201702201350098729255.jpg,Mercurial Superfly V TPU FG - Black,,,61.99,,,240,0.5,2014/4/30 15:53,2014/4/30 15:53,1000,,Nike,Mercurial Superfly V,,,,,,,1,0,0,0,0,0,,,
2510429,scshoe/201702201350099599256.jpg,Mercurial Superfly V TPU FG - Black Organge,,,61.99,,,240,0.5,2014/4/30 15:53,2014/4/30 15:53,1000,,Nike,Mercurial Superfly V,,,,,,,1,0,0,0,0,0,,,
2510391,scshoe/201702201350100319257.jpg,Mercurial Superfly V TPU FG - Black Silver,,,61.99,,,240,0.5,2014/4/30 15:53,2014/4/30 15:53,1000,,Nike,Mercurial Superfly V,,,,,,,1,0,0,0,0,0,,,
2510386,scshoe/201702201350101189258.jpg,Mercurial Superfly V TPU FG - Black White,,,61.99,,,240,0.5,2014/4/30 15:53,2014/4/30 15:53,1000,,Nike,Mercurial Superfly V,,,,,,,1,0,0,0,0,0,,,
2510381,scshoe/201702201350102059259.jpg,Mercurial Superfly V TPU FG - Black Yellow,,,61.99,,,240,0.5,2014/4/30 15:53,2014/4/30 15:53,1000,,Nike,Mercurial Superfly V,,,,,,,1,0,0,0,0,0,,,
2510413,scshoe/201702201350102939260.jpg,Mercurial Superfly V TPU FG - Blue Black,,,61.99,,,240,0.5,2014/4/30 15:53,2014/4/30 15:53,1000,,Nike,Mercurial Superfly V,,,,,,,1,0,0,0,0,0,,,
2510418,scshoe/201702201350103819261.jpg,Mercurial Superfly V TPU FG - Blue Organge,,,61.99,,,240,0.5,2014/4/30 15:53,2014/4/30 15:53,1000,,Nike,Mercurial Superfly V,,,,,,,1,0,0,0,0,0,,,
2510426,scshoe/201702201350104689262.jpg,Mercurial Superfly V TPU FG - Colorful,,,61.99,,,240,0.5,2014/4/30 15:53,2014/4/30 15:53,1000,,Nike,Mercurial Superfly V,,,,,,,1,0,0,0,0,0,,,
2510403,scshoe/201702201350105559263.jpg,Mercurial Superfly V TPU FG - Grey Black,,,61.99,,,240,0.5,2014/4/30 15:53,2014/4/30 15:53,1000,,Nike,Mercurial Superfly V,,,,,,,1,0,0,0,0,0,,,
2510406,scshoe/201702201350106419264.jpg,Mercurial Superfly V TPU FG - Grey Blue Black,,,61.99,,,240,0.5,2014/4/30 15:53,2014/4/30 15:53,1000,,Nike,Mercurial Superfly V,,,,,,,1,0,0,0,0,0,,,
2510405,scshoe/201702201350107299265.jpg,Mercurial Superfly V TPU FG - Grey Yellow,,,61.99,,,240,0.5,2014/4/30 15:53,2014/4/30 15:53,1000,,Nike,Mercurial Superfly V,,,,,,,1,0,0,0,0,0,,,
2510377,scshoe/201702201350108149266.jpg,Mercurial Superfly V TPU FG - White Gold,,,61.99,,,240,0.5,2014/4/30 15:53,2014/4/30 15:53,1000,,Nike,Mercurial Superfly V,,,,,,,1,0,0,0,0,0,,,
2510399,scshoe/201702201350109029267.jpg,Mercurial Superfly V TPU FG - Yellow Red,,,61.99,,,240,0.5,2014/4/30 15:53,2014/4/30 15:53,1000,,Nike,Mercurial Superfly V,,,,,,,1,0,0,0,0,0,,,
2510401,scshoe/201702201350110019268.jpg,Mercurial Superfly V TPU TF - Grey White,,,61.99,,,240,0.5,2014/4/30 15:53,2014/4/30 15:53,1000,,Nike,Mercurial Superfly V,,,,,,,1,0,0,0,0,0,,,
2510046,scshoe/201702201350110899269.jpg,Mercurial Vapor X AG - Red Black White,,,48.99,,,180,0.5,2014/4/30 15:53,2014/4/30 15:53,1000,,Nike,Mercurial Vapor X,,,,,,,1,0,0,0,0,0,,,
2510068,scshoe/201702201350113339270.jpg,Mercurial Vapor X FG - Blue Black,,,45.99,,,176,0.5,2014/4/30 15:53,2014/4/30 15:53,1000,,Nike,Mercurial Vapor X,,,,,,,1,0,0,0,0,0,,,
2510069,scshoe/201702201350114969271.jpg,Mercurial Vapor X FG - Half-Green Black,,,45.99,,,176,0.5,2014/4/30 15:53,2014/4/30 15:53,1000,,Nike,Mercurial Vapor X,,,,,,,1,0,0,0,0,0,,,
2510070,scshoe/201702201350116010272.jpg,Mercurial Vapor X FG - Half-Orange Black,,,45.99,,,176,0.5,2014/4/30 15:53,2014/4/30 15:53,1000,,Nike,Mercurial Vapor X,,,,,,,1,0,0,0,0,0,,,
2510071,scshoe/201702201350117060273.jpg,Mercurial Vapor X FG - Half-Rose Black,,,45.99,,,176,0.5,2014/4/30 15:53,2014/4/30 15:53,1000,,Nike,Mercurial Vapor X,,,,,,,1,0,0,0,0,0,,,
2510084,scshoe/201702201350118100274.jpg,Mercurial Vapor X AG - Green,,,51.99,,,176,0.5,2014/4/30 15:53,2014/4/30 15:53,1000,,Nike,Mercurial Vapor X,,,,,,,1,0,0,0,0,0,,,
2510102,scshoe/201702201350119140275.jpg,Mercurial Vapor X AG - RAINBOW COLOR,,,53.99,,,220,0.5,2014/4/30 15:53,2014/4/30 15:53,1000,,Nike,Mercurial Vapor X,,,,,,,1,0,0,0,0,0,,,
2510160,scshoe/201702201350120010276.jpg,Mercurial Vapor X AG - Green Black,,,49.99,,,180,0.5,2014/4/30 15:53,2014/4/30 15:53,1000,,Nike,Mercurial Vapor X,,,,,,,1,0,0,0,0,0,,,
2510161,scshoe/201702201350121230277.jpg,Mercurial Vapor X AG - Orange White,,,49.99,,,180,0.5,2014/4/30 15:53,2014/4/30 15:53,1000,,Nike,Mercurial Vapor X,,,,,,,1,0,0,0,0,0,,,
2510162,scshoe/201702201350122260278.jpg,Mercurial Vapor X AG - Orange Grey,,,49.99,,,180,0.5,2014/4/30 15:53,2014/4/30 15:53,1000,,Nike,Mercurial Vapor X,,,,,,,1,0,0,0,0,0,,,
2510163,scshoe/201702201350123130279.jpg,Mercurial Vapor X AG - Black Red,,,49.99,,,180,0.5,2014/4/30 15:53,2014/4/30 15:53,1000,,Nike,Mercurial Vapor X,,,,,,,1,0,0,0,0,0,,,
2510164,scshoe/201702201350124000280.jpg,Mercurial Vapor X AG - White Black,,,49.99,,,180,0.5,2014/4/30 15:53,2014/4/30 15:53,1000,,Nike,Mercurial Vapor X,,,,,,,1,0,0,0,0,0,,,
2510165,scshoe/201702201350124880281.jpg,Mercurial Vapor X AG - Purple Black,,,49.99,,,180,0.5,2014/4/30 15:53,2014/4/30 15:53,1000,,Nike,Mercurial Vapor X,,,,,,,1,0,0,0,0,0,,,
2510166,scshoe/201702201350125740282.jpg,Mercurial Vapor X AG - Blue Black,,,49.99,,,180,0.5,2014/4/30 15:53,2014/4/30 15:53,1000,,Nike,Mercurial Vapor X,,,,,,,1,0,0,0,0,0,,,
2510167,scshoe/201702201350126620283.jpg,Mercurial Vapor X AG - Orange Black,,,49.99,,,180,0.5,2014/4/30 15:53,2014/4/30 15:53,1000,,Nike,Mercurial Vapor X,,,,,,,1,0,0,0,0,0,,,
2510168,scshoe/201702201350127140284.jpg,Mercurial Vapor X AG - Blue Yellow,,,49.99,,,180,0.5,2014/4/30 15:53,2014/4/30 15:53,1000,,Nike,Mercurial Vapor X,,,,,,,1,0,0,0,0,0,,,
2510169,scshoe/201702201350128340285.jpg,Mercurial Vapor X AG - Pink Blue,,,49.99,,,180,0.5,2014/4/30 15:53,2014/4/30 15:53,1000,,Nike,Mercurial Vapor X,,,,,,,1,0,0,0,0,0,,,
2510170,scshoe/201702201350129210286.jpg,Mercurial Vapor X AG - Black Orange,,,49.99,,,180,0.5,2014/4/30 15:53,2014/4/30 15:53,1000,,Nike,Mercurial Vapor X,,,,,,,1,0,0,0,0,0,,,
2510171,scshoe/201702201350130090287.jpg,Mercurial Vapor X AG - Yellow Black,,,49.99,,,180,0.5,2014/4/30 15:53,2014/4/30 15:53,1000,,Nike,Mercurial Vapor X,,,,,,,1,0,0,0,0,0,,,
2510172,scshoe/201702201350131300288.jpg,Mercurial Vapor X AG - Black Green,,,49.99,,,180,0.5,2014/4/30 15:53,2014/4/30 15:53,1000,,Nike,Mercurial Vapor X,,,,,,,1,0,0,0,0,0,,,
2510173,scshoe/201702201350132520289.jpg,Mercurial Vapor X AG - Black Blue,,,49.99,,,180,0.5,2014/4/30 15:53,2014/4/30 15:53,1000,,Nike,Mercurial Vapor X,,,,,,,1,0,0,0,0,0,,,
2510174,scshoe/201702201350133721290.jpg,Mercurial Vapor X FG - Blue Black,,,48.99,,,180,0.5,2014/4/30 15:53,2014/4/30 15:53,1000,,Nike,Mercurial Vapor X,,,,,,,1,0,0,0,0,0,,,
2510175,scshoe/201702201350134931291.jpg,Mercurial Vapor X TF - Blue Black,,,36.99,,,120,0.5,2014/4/30 15:53,2014/4/30 15:53,1000,,Nike,Mercurial Vapor X,,,,,,,1,0,0,0,0,0,,,
2510199,scshoe/201702201350136141292.jpg,Mercurial Vapor XI FG - Blue Grey,,,57.99,,,184,0.5,2014/4/30 15:53,2014/4/30 15:53,1000,,Nike,Mercurial Vapor XI,,,,,,,1,0,0,0,0,0,,,
2510200,scshoe/201702201350137341293.jpg,Mercurial Vapor XI FG - Purple Orange,,,57.99,,,184,0.5,2014/4/30 15:53,2014/4/30 15:53,1000,,Nike,Mercurial Vapor XI,,,,,,,1,0,0,0,0,0,,,
2510201,scshoe/201702201350138551294.jpg,Mercurial Vapor XI FG - Black Red,,,57.99,,,184,0.5,2014/4/30 15:53,2014/4/30 15:53,1000,,Nike,Mercurial Vapor XI,,,,,,,1,0,0,0,0,0,,,
2510202,scshoe/201702201350139881295.jpg,Mercurial Vapor XI FG - Black White,,,57.99,,,184,0.5,2014/4/30 15:53,2014/4/30 15:53,1000,,Nike,Mercurial Vapor XI,,,,,,,1,0,0,0,0,0,,,
2510203,scshoe/201702201350141081296.jpg,Mercurial Vapor XI FG - Orange Black,,,57.99,,,184,0.5,2014/4/30 15:53,2014/4/30 15:53,1000,,Nike,Mercurial Vapor XI,,,,,,,1,0,0,0,0,0,,,
2510204,scshoe/201702201350142301297.jpg,Mercurial Vapor XI FG - Black Blue,,,57.99,,,184,0.5,2014/4/30 15:53,2014/4/30 15:53,1000,,Nike,Mercurial Vapor XI,,,,,,,1,0,0,0,0,0,,,
2510205,scshoe/201702201350143501298.jpg,Mercurial Vapor XI FG - Black Grey,,,57.99,,,184,0.5,2014/4/30 15:53,2014/4/30 15:53,1000,,Nike,Mercurial Vapor XI,,,,,,,1,0,0,0,0,0,,,
2510206,scshoe/201702201350144711299.jpg,Mercurial Vapor XI FG - Fluorescent Green Black,,,57.99,,,184,0.5,2014/4/30 15:53,2014/4/30 15:53,1000,,Nike,Mercurial Vapor XI,,,,,,,1,0,0,0,0,0,,,
2510207,scshoe/201702201350145921300.jpg,Mercurial Vapor XI FG - Red Grey Fluorescent Green Soles,,,57.99,,,184,0.5,2014/4/30 15:53,2014/4/30 15:53,1000,,Nike,Mercurial Vapor XI,,,,,,,1,0,0,0,0,0,,,
2510208,scshoe/201702201350147131301.jpg,Mercurial Vapor XI FG - Red Grey White Soles,,,57.99,,,184,0.5,2014/4/30 15:53,2014/4/30 15:53,1000,,Nike,Mercurial Vapor XI,,,,,,,1,0,0,0,0,0,,,
2510209,scshoe/201702201350148341302.jpg,Mercurial Vapor XI FG - White Black,,,57.99,,,184,0.5,2014/4/30 15:53,2014/4/30 15:53,1000,,Nike,Mercurial Vapor XI,,,,,,,1,0,0,0,0,0,,,
2510210,scshoe/201702201350149541303.jpg,Mercurial Vapor XI FG - Blue Fluorescent Yellow,,,57.99,,,184,0.5,2014/4/30 15:53,2014/4/30 15:53,1000,,Nike,Mercurial Vapor XI,,,,,,,1,0,0,0,0,0,,,
2510211,scshoe/201702201350150812304.jpg,Mercurial Vapor XI FG - Black Rose Red,,,57.99,,,184,0.5,2014/4/30 15:53,2014/4/30 15:53,1000,,Nike,Mercurial Vapor XI,,,,,,,1,0,0,0,0,0,,,
2510212,scshoe/201702201350152022305.jpg,Mercurial Vapor XI IC - Black Red,,,36.99,,,80,0.5,2014/4/30 15:53,2014/4/30 15:53,1000,,Nike,Mercurial Vapor XI,,,,,,,1,0,0,0,0,0,,,
2510213,scshoe/201702201350152892306.jpg,Mercurial Vapor XI IC - Fluorescent Green Yellow,,,36.99,,,80,0.5,2014/4/30 15:53,2014/4/30 15:53,1000,,Nike,Mercurial Vapor XI,,,,,,,1,0,0,0,0,0,,,
2510214,scshoe/201702201350153762307.jpg,Mercurial Vapor XI IC - Black White,,,36.99,,,80,0.5,2014/4/30 15:53,2014/4/30 15:53,1000,,Nike,Mercurial Vapor XI,,,,,,,1,0,0,0,0,0,,,
2510215,scshoe/201702201350154992308.jpg,Mercurial Vapor XI IC - White Blue,,,36.99,,,80,0.5,2014/4/30 15:53,2014/4/30 15:53,1000,,Nike,Mercurial Vapor XI,,,,,,,1,0,0,0,0,0,,,
2510216,scshoe/201702201350156212309.jpg,Mercurial Vapor XI TF - Red Black,,,36.99,,,80,0.5,2014/4/30 15:53,2014/4/30 15:53,1000,,Nike,Mercurial Vapor XI,,,,,,,1,0,0,0,0,0,,,
2510217,scshoe/201702201350157072310.jpg,Mercurial Vapor XI TF - White Black,,,36.99,,,80,0.5,2014/4/30 15:53,2014/4/30 15:53,1000,,Nike,Mercurial Vapor XI,,,,,,,1,0,0,0,0,0,,,
2510218,scshoe/201702201350157762311.jpg,Mercurial Vapor XI TF - Blue Black,,,36.99,,,80,0.5,2014/4/30 15:53,2014/4/30 15:53,1000,,Nike,Mercurial Vapor XI,,,,,,,1,0,0,0,0,0,,,
2510219,scshoe/201702201350158972312.jpg,Mercurial Vapor XI TF - Black White,,,36.99,,,80,0.5,2014/4/30 15:53,2014/4/30 15:53,1000,,Nike,Mercurial Vapor XI,,,,,,,1,0,0,0,0,0,,,
2510220,scshoe/201702201350160362313.jpg,Mercurial Vapor XI TF - Red Grey,,,36.99,,,80,0.5,2014/4/30 15:53,2014/4/30 15:53,1000,,Nike,Mercurial Vapor XI,,,,,,,1,0,0,0,0,0,,,
2510221,scshoe/201702201350161562314.jpg,Mercurial Vapor XI TF - Fluorescent Green Yellow,,,36.99,,,80,0.5,2014/4/30 15:53,2014/4/30 15:53,1000,,Nike,Mercurial Vapor XI,,,,,,,1,0,0,0,0,0,,,
2510369,scshoe/201702201350162772315.jpg,Mercurial Vapor XI AG - Black,,,57.99,,,184,0.5,2014/4/30 15:53,2014/4/30 15:53,1000,,Nike,Mercurial Vapor XI,,,,,,,1,0,0,0,0,0,,,
2510368,scshoe/201702201350163632316.jpg,Mercurial Vapor XI AG - Black Blue,,,57.99,,,184,0.5,2014/4/30 15:53,2014/4/30 15:53,1000,,Nike,Mercurial Vapor XI,,,,,,,1,0,0,0,0,0,,,
2510375,scshoe/201702201350164502317.jpg,Mercurial Vapor XI AG - Blue Black,,,57.99,,,184,0.5,2014/4/30 15:53,2014/4/30 15:53,1000,,Nike,Mercurial Vapor XI,,,,,,,1,0,0,0,0,0,,,
2510374,scshoe/201702201350165372318.jpg,Mercurial Vapor XI AG - Blue White,,,57.99,,,184,0.5,2014/4/30 15:53,2014/4/30 15:53,1000,,Nike,Mercurial Vapor XI,,,,,,,1,0,0,0,0,0,,,
2510376,scshoe/201702201350166222319.jpg,Mercurial Vapor XI AG - Blue Yellow,,,57.99,,,184,0.5,2014/4/30 15:53,2014/4/30 15:53,1000,,Nike,Mercurial Vapor XI,,,,,,,1,0,0,0,0,0,,,
2510371,scshoe/201702201350167092320.jpg,Mercurial Vapor XI AG - Grey Green,,,57.99,,,184,0.5,2014/4/30 15:53,2014/4/30 15:53,1000,,Nike,Mercurial Vapor XI,,,,,,,1,0,0,0,0,0,,,
2510370,scshoe/201702201350167952321.jpg,Mercurial Vapor XI AG - Grey Orange,,,57.99,,,184,0.5,2014/4/30 15:53,2014/4/30 15:53,1000,,Nike,Mercurial Vapor XI,,,,,,,1,0,0,0,0,0,,,
2510372,scshoe/201702201350168803322.jpg,Mercurial Vapor XI AG - Orange Black,,,57.99,,,184,0.5,2014/4/30 15:53,2014/4/30 15:53,1000,,Nike,Mercurial Vapor XI,,,,,,,1,0,0,0,0,0,,,
2510373,scshoe/201702201350169673323.jpg,Mercurial Vapor XI AG - Orange Yellow,,,57.99,,,184,0.5,2014/4/30 15:53,2014/4/30 15:53,1000,,Nike,Mercurial Vapor XI,,,,,,,1,0,0,0,0,0,,,
2510301,scshoe/201702201350170543324.jpg,Mercurial Vapor XI TPU FG - Grey Blue,,,57.99,,,184,0.5,2014/4/30 15:53,2014/4/30 15:53,1000,,Nike,Mercurial Vapor XI,,,,,,,1,0,0,0,0,0,,,
2510302,scshoe/201702201350171423325.jpg,Mercurial Vapor XI TPU FG - Orange,,,57.99,,,184,0.5,2014/4/30 15:53,2014/4/30 15:53,1000,,Nike,Mercurial Vapor XI,,,,,,,1,0,0,0,0,0,,,
2510300,scshoe/201702201350172293326.jpg,Mercurial Vapor XI TPU FG - White Red,,,57.99,,,184,0.5,2014/4/30 15:53,2014/4/30 15:53,1000,,Nike,Mercurial Vapor XI,,,,,,,1,0,0,0,0,0,,,
2510106,scshoe/201702201350173173327.jpg,Tiempo Legend VI FG - Black,,,45.99,,,168,0.5,2014/4/30 15:53,2014/4/30 15:53,1000,,Nike,Tiempo,,,,,,,1,0,0,0,0,0,,,
2510107,scshoe/201702201350174213328.jpg,Tiempo Legend VI FG - Blue,,,45.99,,,168,0.5,2014/4/30 15:53,2014/4/30 15:53,1000,,Nike,Tiempo,,,,,,,1,0,0,0,0,0,,,
2510108,scshoe/201702201350175263329.jpg,Tiempo Legend VI FG - Green,,,45.99,,,168,0.5,2014/4/30 15:53,2014/4/30 15:53,1000,,Nike,Tiempo,,,,,,,1,0,0,0,0,0,,,
2510109,scshoe/201702201350176303330.jpg,Tiempo Legend VI FG - Grey Black Orange,,,45.99,,,168,0.5,2014/4/30 15:53,2014/4/30 15:53,1000,,Nike,Tiempo,,,,,,,1,0,0,0,0,0,,,
2510110,scshoe/201702201350177513331.jpg,Tiempo Legend VI FG - Grey Green,,,45.99,,,168,0.5,2014/4/30 15:53,2014/4/30 15:53,1000,,Nike,Tiempo,,,,,,,1,0,0,0,0,0,,,
2510111,scshoe/201702201350178553332.jpg,Tiempo Legend VI FG - Orange Grey,,,45.99,,,168,0.5,2014/4/30 15:53,2014/4/30 15:53,1000,,Nike,Tiempo,,,,,,,1,0,0,0,0,0,,,
2510112,scshoe/201702201350179583333.jpg,Tiempo Legend VI FG - Orange Yellow Grey,,,45.99,,,168,0.5,2014/4/30 15:53,2014/4/30 15:53,1000,,Nike,Tiempo,,,,,,,1,0,0,0,0,0,,,
2510113,scshoe/201702201350180643334.jpg,Tiempo Legend VI FG - Silver Blue,,,45.99,,,168,0.5,2014/4/30 15:53,2014/4/30 15:53,1000,,Nike,Tiempo,,,,,,,1,0,0,0,0,0,,,
2510114,scshoe/201702201350181673335.jpg,Tiempo Legend VI FG - Yellow Black,,,45.99,,,168,0.5,2014/4/30 15:53,2014/4/30 15:53,1000,,Nike,Tiempo,,,,,,,1,0,0,0,0,0,,,
2510115,scshoe/201702201350182703336.jpg,Tiempo Legend VI FG - Yellow Orange,,,40.99,,,80,0.5,2014/4/30 15:53,2014/4/30 15:53,1000,,Nike,Tiempo,,,,,,,1,0,0,0,0,0,,,
2510121,scshoe/201702201350183903337.jpg,Tiempo Legend VI FG - White Blue,,,40.99,,,168,0.5,2014/4/30 15:53,2014/4/30 15:53,1000,,Nike,Tiempo,,,,,,,1,0,0,0,0,0,,,
2510122,scshoe/201702201350185113338.jpg,Tiempo Legend VI FG - White Orange,,,45.99,,,168,0.5,2014/4/30 15:53,2014/4/30 15:53,1000,,Nike,Tiempo,,,,,,,1,0,0,0,0,0,,,
2510150,scshoe/201702201350186174339.jpg,Tiempo Legend VI FG - Black Blue,,,49.99,,,168,0.5,2014/4/30 15:53,2014/4/30 15:53,1000,,Nike,Tiempo,,,,,,,1,0,0,0,0,0,,,
2510151,scshoe/201702201350187204340.jpg,Tiempo Legend VI FG - Black Green,,,49.99,,,168,0.5,2014/4/30 15:53,2014/4/30 15:53,1000,,Nike,Tiempo,,,,,,,1,0,0,0,0,0,,,
2510152,scshoe/201702201350188234341.jpg,Tiempo Legend VI FG - Black,,,49.99,,,168,0.5,2014/4/30 15:53,2014/4/30 15:53,1000,,Nike,Tiempo,,,,,,,1,0,0,0,0,0,,,
2510354,scshoe/201702201350189274342.jpg,Tiempo Legend VI TPU FG - Black,,,45.99,,,168,0.5,2014/4/30 15:53,2014/4/30 15:53,1000,,Nike,Tiempo,,,,,,,1,0,0,0,0,0,,,
2510356,scshoe/201702201350189614343.jpg,Tiempo Legend VI TPU FG - Black Grey,,,45.99,,,168,0.5,2014/4/30 15:53,2014/4/30 15:53,1000,,Nike,Tiempo,,,,,,,1,0,0,0,0,0,,,
2510357,scshoe/201702201350190504344.jpg,Tiempo Legend VI TPU FG - Black Orange,,,45.99,,,168,0.5,2014/4/30 15:53,2014/4/30 15:53,1000,,Nike,Tiempo,,,,,,,1,0,0,0,0,0,,,
2510365,scshoe/201702201350191384345.jpg,Tiempo Legend VI TPU FG - Blue Black,,,45.99,,,168,0.5,2014/4/30 15:53,2014/4/30 15:53,1000,,Nike,Tiempo,,,,,,,1,0,0,0,0,0,,,
2510367,scshoe/201702201350192244346.jpg,Tiempo Legend VI TPU FG - Blue Black,,,45.99,,,168,0.5,2014/4/30 15:53,2014/4/30 15:53,1000,,Nike,Tiempo,,,,,,,1,0,0,0,0,0,,,
2510359,scshoe/201702201350192594347.jpg,Tiempo Legend VI TPU FG - Red Black,,,45.99,,,168,0.5,2014/4/30 15:53,2014/4/30 15:53,1000,,Nike,Tiempo,,,,,,,1,0,0,0,0,0,,,
2510358,scshoe/201702201350193464348.jpg,Tiempo Legend VI TPU FG - Red White,,,45.99,,,168,0.5,2014/4/30 15:53,2014/4/30 15:53,1000,,Nike,Tiempo,,,,,,,1,0,0,0,0,0,,,
2510350,scshoe/201702201350193814349.jpg,Tiempo Legend VI TPU FG - White Blue,,,45.99,,,168,0.5,2014/4/30 15:53,2014/4/30 15:53,1000,,Nike,Tiempo,,,,,,,1,0,0,0,0,0,,,
2510346,scshoe/201702201350194164350.jpg,Tiempo Legend VI TPU FG - White Red,,,45.99,,,168,0.5,2014/4/30 15:53,2014/4/30 15:53,1000,,Nike,Tiempo,,,,,,,1,0,0,0,0,0,,,
2510360,scshoe/201702201350195004351.jpg,Tiempo Legend VI TPU FG - Yellow Pink,,,45.99,,,168,0.5,2014/4/30 15:53,2014/4/30 15:53,1000,,Nike,Tiempo,,,,,,,1,0,0,0,0,0,,,
2610002,scshoe/201702201350195354352.jpg,EvoPOWER 1.2 FG - White Blue,,,49.99,,,96,0.5,2014/4/30 15:53,2014/4/30 15:53,1000,,Puma,,,,,,,,1,0,0,0,0,0,,,
2610004,scshoe/201702201350196374353.jpg,EvoSPEED SL II FG - Black Yellow,,,49.99,,,120,0.5,2014/4/30 15:53,2014/4/30 15:53,1000,,Puma,,,,,,,,1,0,0,0,0,0,,,
2610008,scshoe/201702201350197584354.jpg,EvoPOWER 1.3 FG - Green Rose,,,49.99,,,96,0.5,2014/4/30 15:53,2014/4/30 15:53,1000,,Puma,,,,,,,,1,0,0,0,0,0,,,
2610009,scshoe/201702201350198434355.jpg,EvoPOWER 1.3 FG - Yellow Orange,,,49.99,,,96,0.5,2014/4/30 15:53,2014/4/30 15:53,1000,,Puma,,,,,,,,1,0,0,0,0,0,,,
2610010,scshoe/201702201350199464356.jpg,EvoSPEED SL Fresh FG - Blue Yellow,,,51.99,,,159,0.5,2014/4/30 15:53,2014/4/30 15:53,1000,,Puma,,,,,,,,1,0,0,0,0,0,,,
2610020,scshoe/201702201350200674357.jpg,EvoSPEED 1.3 FG - Yellow Blue,,,49.99,,,120,0.5,2014/4/30 15:53,2014/4/30 15:53,1000,,Puma,,,,,,,,1,0,0,0,0,0,,,
2610022,scshoe/201702201350201894358.jpg,EvoSPEED SL Fresh FG - Red Yellow,,,51.99,,,159,0.5,2014/4/30 15:53,2014/4/30 15:53,1000,,Puma,,,,,,,,1,0,0,0,0,0,,,
2610023,scshoe/201702201350203095359.jpg,EvoSPEED SL Fresh FG - Black Red,,,51.99,,,159,0.5,2014/4/30 15:53,2014/4/30 15:53,1000,,Puma,,,,,,,,1,0,0,0,0,0,,,
2610024,scshoe/201702201350204295360.jpg,EvoSPEED SL Fresh FG - Green Balck,,,51.99,,,159,0.5,2014/4/30 15:53,2014/4/30 15:53,1000,,Puma,,,,,,,,1,0,0,0,0,0,,,
2610025,scshoe/201702201350205615361.jpg,EvoSPEED SL Fresh FG - Orange Black,,,51.99,,,159,0.5,2014/4/30 15:53,2014/4/30 15:53,1000,,Puma,,,,,,,,1,0,0,0,0,0,,,
2610026,scshoe/201702201350206815362.jpg,EvoSPEED SL Fresh FG - Orange Blue,,,51.99,,,159,0.5,2014/4/30 15:53,2014/4/30 15:53,1000,,Puma,,,,,,,,1,0,0,0,0,0,,,
2610030,scshoe/201702201350208025363.jpg,EvoSPEED He FG - Orange Grey,,,51.99,,,159,0.5,2014/4/30 15:53,2014/4/30 15:53,1000,,Puma,,,,,,,,1,0,0,0,0,0,,,
2610045,scshoe/201702201350208895364.jpg,EvoSPEED FG - Black,,,51.99,,,159,0.5,2014/4/30 15:53,2014/4/30 15:53,1000,,Puma,,,,,,,,1,0,0,0,0,0,,,
2610044,scshoe/201702201350209745365.jpg,EvoSPEED FG - Black Yellow,,,51.99,,,159,0.5,2014/4/30 15:53,2014/4/30 15:53,1000,,Puma,,,,,,,,1,0,0,0,0,0,,,
2610046,scshoe/201702201350210755366.jpg,EvoSPEED FG - Blue White,,,51.99,,,159,0.5,2014/4/30 15:53,2014/4/30 15:53,1000,,Puma,,,,,,,,1,0,0,0,0,0,,,
2610043,scshoe/201702201350212225367.jpg,EvoSPEED FG - White,,,51.99,,,159,0.5,2014/4/30 15:53,2014/4/30 15:53,1000,,Puma,,,,,,,,1,0,0,0,0,0,,,
2610042,scshoe/201702201350214125368.jpg,EvoSPEED TPU FG - Black Red,,,51.99,,,159,0.5,2014/4/30 15:53,2014/4/30 15:53,1000,,Puma,,,,,,,,1,0,0,0,0,0,,,
2610041,scshoe/201702201350214965369.jpg,EvoSPEED TPU FG - Yellow Green,,,51.99,,,159,0.5,2014/4/30 15:53,2014/4/30 15:53,1000,,Puma,,,,,,,,1,0,0,0,0,0,,,
2510126,scshoe/201702201350216105370.jpg,Mercurial Superfly IV Women FG- Blue Green,,,59.99,,,168,0.5,2014/4/30 15:53,2014/4/30 15:53,1000,,Women Shoes,,,,,,,,1,0,0,0,0,0,,,
2510127,scshoe/201702201350217165371.jpg,Mercurial Superfly IV Women FG - Blue,,,59.99,,,168,0.5,2014/4/30 15:53,2014/4/30 15:53,1000,,Women Shoes,,,,,,,,1,0,0,0,0,0,,,
2510128,scshoe/201702201350218215372.jpg,Mercurial Superfly IV Women FG- Red,,,59.99,,,168,0.5,2014/4/30 15:53,2014/4/30 15:53,1000,,Women Shoes,,,,,,,,1,0,0,0,0,0,,,
2510129,scshoe/201702201350219255373.jpg,Mercurial Superfly IV Women FG - White,,,59.99,,,168,0.5,2014/4/30 15:53,2014/4/30 15:53,1000,,Women Shoes,,,,,,,,1,0,0,0,0,0,,,
2510130,scshoe/201702201350220135374.jpg,Mercurial Superfly IV Women FG- Blue,,,59.99,,,168,0.5,2014/4/30 15:53,2014/4/30 15:53,1000,,Women Shoes,,,,,,,,1,0,0,0,0,0,,,
2510131,scshoe/201702201350221216375.jpg,Mercurial Superfly IV Women FG - Blue Star Sky,,,59.99,,,168,0.5,2014/4/30 15:53,2014/4/30 15:53,1000,,Women Shoes,,,,,,,,1,0,0,0,0,0,,,
2710001,scshoe/201702201350222076376.jpg,Barcelona 001 Women FG - Green Golden Black,,,49.99,,,96,0.5,2014/4/30 15:53,2014/4/30 15:53,1000,,Women Shoes,,,,,,,,1,0,0,0,0,0,,,
2710002,scshoe/201702201350223276377.jpg,Barcelona 001 Women FG - Red White Black,,,49.99,,,96,0.5,2014/4/30 15:53,2014/4/30 15:53,1000,,Women Shoes,,,,,,,,1,0,0,0,0,0,,,
2510237,scshoe/201702201350224486378.jpg,Mercurial Superfly IV Women FG - Yellow Orange,,,59.99,,,168,0.5,2014/4/30 15:53,2014/4/30 15:53,1000,,Women Shoes,,,,,,,,1,0,0,0,0,0,,,
2510238,scshoe/201702201350225686379.jpg,Mercurial Superfly IV Women FG - Black Red,,,59.99,,,168,0.5,2014/4/30 15:53,2014/4/30 15:53,1000,,Women Shoes,,,,,,,,1,0,0,0,0,0,,,
2510239,scshoe/201702201350226716380.jpg,Mercurial Superfly IV Women FG - Black Silver Grey,,,59.99,,,168,0.5,2014/4/30 15:53,2014/4/30 15:53,1000,,Women Shoes,,,,,,,,1,0,0,0,0,0,,,
2510240,scshoe/201702201350227926381.jpg,Mercurial Superfly V Women FG - Black White,,,59.99,,,168,0.5,2014/4/30 15:53,2014/4/30 15:53,1000,,Women Shoes,,,,,,,,1,0,0,0,0,0,,,
2510241,scshoe/201702201350228956382.jpg,Mercurial Superfly V Women FG - Blue Black,,,59.99,,,168,0.5,2014/4/30 15:53,2014/4/30 15:53,1000,,Women Shoes,,,,,,,,1,0,0,0,0,0,,,
2410120,scshoe/201702201350230166383.jpg,ACE 16+ Purecontrol Women FG - Yellow Black,,,61.99,,,240,0.5,2014/4/30 15:53,2014/4/30 15:53,1000,,Women Shoes,,,,,,,,1,0,0,0,0,0,,,
2510317,scshoe/201702201350232116384.jpg,Magista Obra II Women TPU FG - Blue Yellow Black,,,69.99,,,240,0.5,2014/4/30 15:53,2014/4/30 15:53,1000,,Women Shoes,,,,,,,,1,0,0,0,0,0,,,
2510316,scshoe/201702201350234136385.jpg,Magista Obra II Women TPU FG - Grey Black,,,69.99,,,240,0.5,2014/4/30 15:53,2014/4/30 15:53,1000,,Women Shoes,,,,,,,,1,0,0,0,0,0,,,
2510318,scshoe/201702201350235106386.jpg,Magista Obra II Women TPU FG - Plum Red,,,69.99,,,240,0.5,2014/4/30 15:53,2014/4/30 15:53,1000,,Women Shoes,,,,,,,,1,0,0,0,0,0,,,
